X,Y,id,satellite,satellite_nssdc_id,satellite_operating_agency,sensor,orbit,start_dt,stop_dt,process_dt,process_algorithm,process_algorithm_version,load_dt,latitude,longitude,locationX,locationY,temp_kelvin,datetime,power,confidence,age_hours,australian_state
676326.380713494145311,-3329249.27628581225872,10694468,NOAA 19,2009-005A,NOAA,AVHRR,35240,2015-12-10T17:13:39,2015-12-10T17:29:53,,GA AVHRR,1.0.0,,-30.42,139.12,15486767.5591602,-3557651.97886008,294.1,2015-12-10T17:21:46,,,10208,SA 
670075.742090357816778,-3339003.596932564396411,10694477,NOAA 19,2009-005A,NOAA,AVHRR,35240,2015-12-10T17:13:39,2015-12-10T17:29:53,,GA AVHRR,1.0.0,,-30.51,139.06,15480088.3897126,-3569275.48757907,295.1,2015-12-10T17:21:46,,,10208,SA 
669127.590607216465287,-3338951.184296496678144,10694476,NOAA 19,2009-005A,NOAA,AVHRR,35240,2015-12-10T17:13:39,2015-12-10T17:29:53,,GA AVHRR,1.0.0,,-30.51,139.05,15478975.1948047,-3569275.48757907,295.1,2015-12-10T17:21:46,,,10208,SA 
673293.134843592182733,-3332447.705610161647201,10694475,NOAA 19,2009-005A,NOAA,AVHRR,35240,2015-12-10T17:13:39,2015-12-10T17:29:53,,GA AVHRR,1.0.0,,-30.45,139.09,15483427.9744364,-3561525.28874755,293.4,2015-12-10T17:21:46,,,10208,SA 
671395.801421947777271,-3332342.450955805834383,10694474,NOAA 19,2009-005A,NOAA,AVHRR,35240,2015-12-10T17:13:39,2015-12-10T17:29:53,,GA AVHRR,1.0.0,,-30.45,139.07,15481201.5846206,-3561525.28874755,293.8,2015-12-10T17:21:46,,,10208,SA 
670447.128537883167155,-3332289.935013356618583,10694473,NOAA 19,2009-005A,NOAA,AVHRR,35240,2015-12-10T17:13:39,2015-12-10T17:29:53,,GA AVHRR,1.0.0,,-30.45,139.06,15480088.3897126,-3561525.28874755,293.8,2015-12-10T17:21:46,,,10208,SA 
672406.544902484631166,-3331276.074751945678145,10694472,NOAA 19,2009-005A,NOAA,AVHRR,35240,2015-12-10T17:13:39,2015-12-10T17:29:53,,GA AVHRR,1.0.0,,-30.44,139.08,15482314.7795285,-3560234.05304933,293.4,2015-12-10T17:21:46,,,10208,SA 
671457.788545415736735,-3331223.479697472415864,10694471,NOAA 19,2009-005A,NOAA,AVHRR,35240,2015-12-10T17:13:39,2015-12-10T17:29:53,,GA AVHRR,1.0.0,,-30.44,139.07,15481201.5846206,-3560234.05304933,299.3,2015-12-10T17:21:46,,,10208,SA 
670509.02807441202458,-3331170.958906450774521,10694470,NOAA 19,2009-005A,NOAA,AVHRR,35240,2015-12-10T17:13:39,2015-12-10T17:29:53,,GA AVHRR,1.0.0,,-30.44,139.06,15480088.3897126,-3560234.05304933,299.3,2015-12-10T17:21:46,,,10208,SA 
677275.291585137136281,-3329302.252432225272059,10694469,NOAA 19,2009-005A,NOAA,AVHRR,35240,2015-12-10T17:13:39,2015-12-10T17:29:53,,GA AVHRR,1.0.0,,-30.42,139.13,15487880.7540682,-3557651.97886008,294.1,2015-12-10T17:21:46,,,10208,SA 
675315.12721047049854,-3330315.34452283103019,10694383,NOAA 19,2009-005A,NOAA,AVHRR,35239,2015-12-10T15:35:51,2015-12-10T15:47:37,,GA AVHRR,1.0.0,,-30.43,139.11,15485654.3642523,-3558942.94977566,297.5,2015-12-10T15:41:44,,,10209,SA 
674366.295643956051208,-3330262.521803908515722,10694382,NOAA 19,2009-005A,NOAA,AVHRR,35239,2015-12-10T15:35:51,2015-12-10T15:47:37,,GA AVHRR,1.0.0,,-30.43,139.1,15484541.1693444,-3558942.94977566,297.5,2015-12-10T15:41:44,,,10209,SA 
673479.623259221320041,-3329090.793501137755811,10694381,NOAA 19,2009-005A,NOAA,AVHRR,35239,2015-12-10T15:35:51,2015-12-10T15:47:37,,GA AVHRR,1.0.0,,-30.42,139.09,15483427.9744364,-3557651.97886008,297.5,2015-12-10T15:41:44,,,10209,SA 
672530.695847397786565,-3329038.11445884918794,10694380,NOAA 19,2009-005A,NOAA,AVHRR,35239,2015-12-10T15:35:51,2015-12-10T15:47:37,,GA AVHRR,1.0.0,,-30.42,139.08,15482314.7795285,-3557651.97886008,297.5,2015-12-10T15:41:44,,,10209,SA 
675101.994702466996387,-3328844.2966542057693,10694259,SUOMI NPP,2011-061A,NASA/NOAA,VIIRS,21341,2015-12-10T14:40:20,2015-12-10T14:50:15,,VIIRS (AER),6,,-30.417,139.1069,15485314.7284859,-3557258.77540735,,2015-12-10T14:45:17,,51,10210,SA 
676245.221275929943658,-3328997.809076677076519,10694258,SUOMI NPP,2011-061A,NASA/NOAA,VIIRS,21341,2015-12-10T14:40:20,2015-12-10T14:50:15,,VIIRS (AER),6,,-30.4178,139.119,15486661.6943245,-3557372.75925533,,2015-12-10T14:45:17,,86,10210,SA 
676692.828684719512239,-3329505.440874169114977,10694260,SUOMI NPP,2011-061A,NASA/NOAA,VIIRS,21341,2015-12-10T14:40:20,2015-12-10T14:50:15,,VIIRS (AER),6,,-30.4221,139.124,15487217.1785835,-3557917.64986103,,2015-12-10T14:45:17,,73,10210,SA 
675576.380648755584843,-3331946.206044357735664,10694171,SUOMI NPP,2011-061A,NASA/NOAA,VIIRS,21335,2015-12-10T05:02:47,2015-12-10T05:16:58,,VIIRS (AER),6,,-30.4444,139.1137,15486063.7973394,-3560805.66675331,,2015-12-10T05:09:52,,100,10220,SA 
674683.250645882100798,-3333288.253243307583034,10694170,SUOMI NPP,2011-061A,NASA/NOAA,VIIRS,21335,2015-12-10T05:02:47,2015-12-10T05:16:58,,VIIRS (AER),6,,-30.4568,139.1051,15485107.451594,-3562397.85171263,,2015-12-10T05:09:52,,100,10220,SA 
675935.145350496401079,-3333021.287990721408278,10694169,SUOMI NPP,2011-061A,NASA/NOAA,VIIRS,21335,2015-12-10T05:02:47,2015-12-10T05:16:58,,VIIRS (AER),6,,-30.4538,139.1181,15486558.0558786,-3562017.54267126,,2015-12-10T05:09:52,,100,10220,SA 
677234.53334201592952,-3332757.101616620551795,10694168,SUOMI NPP,2011-061A,NASA/NOAA,VIIRS,21335,2015-12-10T05:02:47,2015-12-10T05:16:58,,VIIRS (AER),6,,-30.4508,139.1316,15488056.3049051,-3561622.91155228,,2015-12-10T05:09:52,,93,10220,SA 
669022.251828830456361,-3338619.888604229781777,10694166,SUOMI NPP,2011-061A,NASA/NOAA,VIIRS,21335,2015-12-10T05:02:47,2015-12-10T05:16:58,,VIIRS (AER),6,,-30.5071,139.0487,15478829.4775912,-3568899.23425303,,2015-12-10T05:09:52,,94,10220,SA 
668730.102097166120075,-3337537.534250357188284,10694167,SUOMI NPP,2011-061A,NASA/NOAA,VIIRS,21335,2015-12-10T05:02:47,2015-12-10T05:16:58,,VIIRS (AER),6,,-30.4976,139.045,15478415.035127,-3567673.51730151,,2015-12-10T05:09:52,,100,10220,SA 
672595.249174061813392,-3330276.366990074981004,10694177,SUOMI NPP,2011-061A,NASA/NOAA,VIIRS,21335,2015-12-10T05:02:47,2015-12-10T05:16:58,,VIIRS (AER),6,,-30.431,139.0814,15482472.9645249,-3559075.92729737,,2015-12-10T05:09:52,,29,10220,SA 
676370.204861371195875,-3329487.436151869595051,10694176,SUOMI NPP,2011-061A,NASA/NOAA,VIIRS,21335,2015-12-10T05:02:47,2015-12-10T05:16:58,,VIIRS (AER),6,,-30.4221,139.1206,15486829.8980751,-3557917.64986103,,2015-12-10T05:09:52,,93,10220,SA 
670431.464050345006399,-3331885.00551117490977,10694175,SUOMI NPP,2011-061A,NASA/NOAA,VIIRS,21335,2015-12-10T05:02:47,2015-12-10T05:16:58,,VIIRS (AER),6,,-30.4464,139.0596,15480047.3128205,-3561056.16749842,,2015-12-10T05:09:52,,100,10220,SA 
676498.15938431432005,-3330605.798588335514069,10694174,SUOMI NPP,2011-061A,NASA/NOAA,VIIRS,21335,2015-12-10T05:02:47,2015-12-10T05:16:58,,VIIRS (AER),6,,-30.432,139.1226,15487059.2162261,-3559199.35235077,,2015-12-10T05:09:52,,100,10220,SA 
677692.818162046489306,-3330347.0204101158306,10694173,SUOMI NPP,2011-061A,NASA/NOAA,VIIRS,21335,2015-12-10T05:02:47,2015-12-10T05:16:58,,VIIRS (AER),6,,-30.4291,139.135,15488441.8043018,-3558832.95389653,,2015-12-10T05:09:52,,100,10220,SA 
674333.874775124248117,-3332213.738877579569817,10694172,SUOMI NPP,2011-061A,NASA/NOAA,VIIRS,21335,2015-12-10T05:02:47,2015-12-10T05:16:58,,VIIRS (AER),6,,-30.4474,139.1008,15484628.4438251,-3561184.51878086,,2015-12-10T05:09:52,,94,10220,SA 
668594.588285704609007,-3339303.34561753179878,10693762,AQUA,2002-022A,NASA,MODIS,72339,2015-12-10T03:50:42,2015-12-10T04:00:56,,MOD14,5.0.1,,-30.5134,139.0446,15478377.6317781,-3569711.4490349,332.7,2015-12-10T03:54:40,21.3,85,10221,SA 
669219.119937245268375,-3339876.552435971796513,10693761,AQUA,2002-022A,NASA,MODIS,72339,2015-12-10T03:50:42,2015-12-10T04:00:56,,MOD14,5.0.1,,-30.5182,139.0515,15479143.7325137,-3570334.018921,326.4,2015-12-10T03:51:40,12.4,63,10221,SA 
672581.702549392590299,-3333092.870327423792332,10693841,AQUA,2002-022A,NASA,MODIS,72339,2015-12-10T03:50:42,2015-12-10T04:00:56,,MOD14,5.0.1,,-30.4561,139.0829,15482632.5966747,-3562319.20621775,342.4,2015-12-10T03:51:10,39.7,91,10221,SA 
676364.252411316148937,-3333516.645460350904614,10693763,AQUA,2002-022A,NASA,MODIS,72339,2015-12-10T03:50:42,2015-12-10T04:00:56,,MOD14,5.0.1,,-30.458,139.1229,15487091.4988784,-3562563.79661104,343.1,2015-12-10T03:51:00,39,92,10221,SA 
676382.795326221501455,-3331138.131955478340387,10693842,AQUA,2002-022A,NASA,MODIS,72339,2015-12-10T03:50:42,2015-12-10T04:00:56,,MOD14,5.0.1,,-30.4368,139.1217,15486960.6984767,-3559823.33873888,330.3,2015-12-10T03:50:40,19.5,83,10221,SA 
672610.129750558291562,-3331208.801227740012109,10693843,AQUA,2002-022A,NASA,MODIS,72339,2015-12-10T03:50:42,2015-12-10T04:00:56,,MOD14,5.0.1,,-30.4393,139.0821,15482549.4410151,-3560147.15764356,325.6,2015-12-10T03:50:40,13.2,71,10221,SA 
676134.354974645888433,-3333032.400388836860657,10693840,AQUA,2002-022A,NASA,MODIS,72339,2015-12-10T03:50:42,2015-12-10T04:00:56,,MOD14,5.0.1,,-30.4538,139.1202,15486787.3740296,-3562010.05282932,346.6,2015-12-10T03:50:40,47.2,93,10221,SA 
673002.730827747727744,-3331679.560247275047004,10693839,AQUA,2002-022A,NASA,MODIS,72339,2015-12-10T03:50:42,2015-12-10T04:00:56,,MOD14,5.0.1,,-30.4433,139.0865,15483038.5788576,-3560661.95388552,326,2015-12-10T03:50:40,13.4,51,10221,SA 
672945.779019740293734,-3333562.041756682563573,10693838,AQUA,2002-022A,NASA,MODIS,72339,2015-12-10T03:50:42,2015-12-10T04:00:56,,MOD14,5.0.1,,-30.4601,139.087,15483096.3536733,-3562835.51189403,347.5,2015-12-10T03:50:40,48.7,94,10221,SA 
673397.326707561383955,-3332285.132567995227873,10694058,SUOMI NPP,2011-061A,NASA/NOAA,VIIRS,21334,2015-12-10T03:24:39,2015-12-10T03:34:34,,VIIRS (AER),6,,-30.4485,139.091,15483534.6185086,-3561332.75710204,,2015-12-10T03:29:36,,32,10222,SA 
669488.301702575874515,-3338791.541220496408641,10694055,SUOMI NPP,2011-061A,NASA/NOAA,VIIRS,21334,2015-12-10T03:24:39,2015-12-10T03:34:34,,VIIRS (AER),6,,-30.5084,139.0537,15479386.6316427,-3569065.00656542,,2015-12-10T03:29:36,,90,10222,SA 
674851.910351414117031,-3332309.917851730715483,10694057,SUOMI NPP,2011-061A,NASA/NOAA,VIIRS,21334,2015-12-10T03:24:39,2015-12-10T03:34:34,,VIIRS (AER),6,,-30.448,139.1063,15485238.2519957,-3561271.93785836,,2015-12-10T03:29:36,,95,10222,SA 
676625.37082499905955,-3330713.918741840403527,10694059,SUOMI NPP,2011-061A,NASA/NOAA,VIIRS,21334,2015-12-10T03:24:39,2015-12-10T03:34:34,,VIIRS (AER),6,,-30.4329,139.124,15487213.7276793,-3559312.57911748,,2015-12-10T03:29:36,,56,10222,SA 
667920.737345444853418,-3338761.122434641234577,10694056,SUOMI NPP,2011-061A,NASA/NOAA,VIIRS,21334,2015-12-10T03:24:39,2015-12-10T03:34:34,,VIIRS (AER),6,,-30.5089,139.0372,15477546.9657378,-3569136.45859521,,2015-12-10T03:29:36,,92,10222,SA 
676920.74785619834438,-3330707.961565427482128,10693746,TERRA,1999-068A,NASA,MODIS,84982,2015-12-10T01:07:07,2015-12-10T01:19:51,,MOD14,5.0.1,,-30.4327,139.1271,15487556.8143499,-3559290.24354013,350.5,2015-12-10T01:11:50,54.5,95,10224,SA 
669170.352782352478243,-3335766.078637179918587,10693748,TERRA,1999-068A,NASA,MODIS,84982,2015-12-10T01:07:07,2015-12-10T01:19:51,,MOD14,5.0.1,,-30.4816,139.0486,15478817.5664057,-3565601.29782344,344.4,2015-12-10T01:08:50,40,92,10224,SA 
669808.874594162567519,-3335745.241909468080848,10693747,TERRA,1999-068A,NASA,MODIS,84982,2015-12-10T01:07:07,2015-12-10T01:19:51,,MOD14,5.0.1,,-30.4811,139.0553,15479561.5145627,-3565541.10379661,354.2,2015-12-10T01:07:20,61.4,97,10224,SA 
666406.204329230822623,-3336556.503064561169595,10693592,NOAA 19,2009-005A,NOAA,AVHRR,35226,2015-12-09T17:25:02,2015-12-09T17:41:07,,GA AVHRR,1.0.0,,-30.49,139.02,15475635.6100809,-3566691.55711661,296.1,2015-12-09T17:33:04,,,10208,SA 
671085.873499368666671,-3337937.16834417078644,10693597,NOAA 19,2009-005A,NOAA,AVHRR,35226,2015-12-09T17:25:02,2015-12-09T17:41:07,,GA AVHRR,1.0.0,,-30.5,139.07,15481201.5846206,-3567983.45593582,297.5,2015-12-09T17:33:04,,,10208,SA 
670137.638539127190597,-3337884.676643990445882,10693596,NOAA 19,2009-005A,NOAA,AVHRR,35226,2015-12-09T17:25:02,2015-12-09T17:41:07,,GA AVHRR,1.0.0,,-30.5,139.06,15480088.3897126,-3567983.45593582,297.5,2015-12-09T17:33:04,,,10208,SA 
669251.208857821999118,-3336713.324641577433795,10693595,NOAA 19,2009-005A,NOAA,AVHRR,35226,2015-12-09T17:25:02,2015-12-09T17:41:07,,GA AVHRR,1.0.0,,-30.49,139.05,15478975.1948047,-3566691.55711661,297.5,2015-12-09T17:33:04,,,10208,SA 
668302.87810762913432,-3336660.976552330888808,10693594,NOAA 19,2009-005A,NOAA,AVHRR,35226,2015-12-09T17:25:02,2015-12-09T17:41:07,,GA AVHRR,1.0.0,,-30.49,139.04,15477861.9998968,-3566691.55711661,296.1,2015-12-09T17:33:04,,,10208,SA 
667354.543262828490697,-3336608.702693218830973,10693593,NOAA 19,2009-005A,NOAA,AVHRR,35226,2015-12-09T17:25:02,2015-12-09T17:41:07,,GA AVHRR,1.0.0,,-30.49,139.03,15476748.8049888,-3566691.55711661,296.1,2015-12-09T17:33:04,,,10208,SA 
672344.470192457432859,-3332395.041154848877341,10693591,NOAA 19,2009-005A,NOAA,AVHRR,35226,2015-12-09T17:25:02,2015-12-09T17:41:07,,GA AVHRR,1.0.0,,-30.45,139.08,15482314.7795285,-3561525.28874755,295.3,2015-12-09T17:33:04,,,10208,SA 
671395.801421947777271,-3332342.450955805834383,10693590,NOAA 19,2009-005A,NOAA,AVHRR,35226,2015-12-09T17:25:02,2015-12-09T17:41:07,,GA AVHRR,1.0.0,,-30.45,139.07,15481201.5846206,-3561525.28874755,295.3,2015-12-09T17:33:04,,,10208,SA 
670447.128537883167155,-3332289.935013356618583,10693589,NOAA 19,2009-005A,NOAA,AVHRR,35226,2015-12-09T17:25:02,2015-12-09T17:41:07,,GA AVHRR,1.0.0,,-30.45,139.06,15480088.3897126,-3561525.28874755,295.3,2015-12-09T17:33:04,,,10208,SA 
678161.59706132649444,-3330474.258292381186038,10693588,NOAA 19,2009-005A,NOAA,AVHRR,35226,2015-12-09T17:25:02,2015-12-09T17:41:07,,GA AVHRR,1.0.0,,-30.43,139.14,15488993.9489761,-3558942.94977566,297.3,2015-12-09T17:33:04,,,10208,SA 
677212.777924966765568,-3330421.212767391931266,10693587,NOAA 19,2009-005A,NOAA,AVHRR,35226,2015-12-09T17:25:02,2015-12-09T17:41:07,,GA AVHRR,1.0.0,,-30.43,139.13,15487880.7540682,-3558942.94977566,297.3,2015-12-09T17:33:04,,,10208,SA 
676263.954639409552328,-3330368.241510766558349,10693586,NOAA 19,2009-005A,NOAA,AVHRR,35226,2015-12-09T17:25:02,2015-12-09T17:41:07,,GA AVHRR,1.0.0,,-30.43,139.12,15486767.5591602,-3558942.94977566,297.3,2015-12-09T17:33:04,,,10208,SA 
678224.198307199636474,-3329355.302853856701404,10693585,NOAA 19,2009-005A,NOAA,AVHRR,35226,2015-12-09T17:25:02,2015-12-09T17:41:07,,GA AVHRR,1.0.0,,-30.42,139.14,15488993.9489761,-3557651.97886008,301.7,2015-12-09T17:33:04,,,10208,SA 
677275.291585137136281,-3329302.252432225272059,10693584,NOAA 19,2009-005A,NOAA,AVHRR,35226,2015-12-09T17:25:02,2015-12-09T17:41:07,,GA AVHRR,1.0.0,,-30.42,139.13,15487880.7540682,-3557651.97886008,301.7,2015-12-09T17:33:04,,,10208,SA 
676326.380713494145311,-3329249.27628581225872,10693583,NOAA 19,2009-005A,NOAA,AVHRR,35226,2015-12-09T17:25:02,2015-12-09T17:41:07,,GA AVHRR,1.0.0,,-30.42,139.12,15486767.5591602,-3557651.97886008,301.7,2015-12-09T17:33:04,,,10208,SA 
675377.465698086889461,-3329196.374414943158627,10693582,NOAA 19,2009-005A,NOAA,AVHRR,35226,2015-12-09T17:25:02,2015-12-09T17:41:07,,GA AVHRR,1.0.0,,-30.42,139.11,15485654.3642523,-3557651.97886008,301,2015-12-09T17:33:04,,,10208,SA 
674428.546544722281396,-3329143.546819944866002,10693581,NOAA 19,2009-005A,NOAA,AVHRR,35226,2015-12-09T17:25:02,2015-12-09T17:41:07,,GA AVHRR,1.0.0,,-30.42,139.1,15484541.1693444,-3557651.97886008,301,2015-12-09T17:33:04,,,10208,SA 
673479.623259221320041,-3329090.793501137755811,10693580,NOAA 19,2009-005A,NOAA,AVHRR,35226,2015-12-09T17:25:02,2015-12-09T17:41:07,,GA AVHRR,1.0.0,,-30.42,139.09,15483427.9744364,-3557651.97886008,301,2015-12-09T17:33:04,,,10208,SA 
675439.804692739038728,-3328077.395205811597407,10693579,NOAA 19,2009-005A,NOAA,AVHRR,35226,2015-12-09T17:25:02,2015-12-09T17:41:07,,GA AVHRR,1.0.0,,-30.41,139.11,15485654.3642523,-3556361.14023611,296.4,2015-12-09T17:33:04,,,10208,SA 
674490.797951811808161,-3328024.562734696082771,10693578,NOAA 19,2009-005A,NOAA,AVHRR,35226,2015-12-09T17:25:02,2015-12-09T17:41:07,,GA AVHRR,1.0.0,,-30.41,139.1,15484541.1693444,-3556361.14023611,296.4,2015-12-09T17:33:04,,,10208,SA 
673541.787078366964124,-3327971.804546629544348,10693577,NOAA 19,2009-005A,NOAA,AVHRR,35226,2015-12-09T17:25:02,2015-12-09T17:41:07,,GA AVHRR,1.0.0,,-30.41,139.09,15483427.9744364,-3556361.14023611,296.4,2015-12-09T17:33:04,,,10208,SA 
677878.62449518952053,-3330088.020840344484895,10693457,AQUA,2002-022A,NASA,MODIS,72337,2015-12-09T15:41:59,2015-12-09T15:54:25,,MOD14,5.0.1,,-30.4267,139.1368,15488637.1700081,-3558521.94961989,312.6,2015-12-09T15:42:00,15.7,79,10209,SA 
676752.498371711699292,-3329800.609255310613662,10693456,AQUA,2002-022A,NASA,MODIS,72337,2015-12-09T15:41:59,2015-12-09T15:54:25,,MOD14,5.0.1,,-30.4247,139.1248,15487307.1247321,-3558264.65715876,313.9,2015-12-09T15:42:00,17.5,84,10209,SA 
674537.436129858833738,-3329239.400496917776763,10693455,AQUA,2002-022A,NASA,MODIS,72337,2015-12-09T15:41:59,2015-12-09T15:54:25,,MOD14,5.0.1,,-30.4208,139.1012,15484672.637663,-3557753.96074884,322.7,2015-12-09T15:42:00,27.6,100,10209,SA 
670981.288633970543742,-3332095.015639956109226,10693293,SUOMI NPP,2011-061A,NASA/NOAA,VIIRS,21321,2015-12-09T05:23:08,2015-12-09T05:35:53,,VIIRS (AER),6,,-30.448,139.0655,15480702.9846213,-3561267.80577603,,2015-12-09T05:29:30,,84,10220,SA 
672120.596518601989374,-3331798.972418820019811,10693292,SUOMI NPP,2011-061A,NASA/NOAA,VIIRS,21321,2015-12-09T05:23:08,2015-12-09T05:35:53,,VIIRS (AER),6,,-30.4448,139.0773,15482012.6584305,-3560857.44510684,,2015-12-09T05:29:30,,85,10220,SA 
674341.223023223690689,-3331226.41645820485428,10693291,SUOMI NPP,2011-061A,NASA/NOAA,VIIRS,21321,2015-12-09T05:23:08,2015-12-09T05:35:53,,VIIRS (AER),6,,-30.4386,139.1003,15484572.4501213,-3560053.80708096,,2015-12-09T05:29:30,,99,10220,SA 
675509.795837873476557,-3330921.082860386930406,10693290,SUOMI NPP,2011-061A,NASA/NOAA,VIIRS,21321,2015-12-09T05:23:08,2015-12-09T05:35:53,,VIIRS (AER),6,,-30.4353,139.1124,15485915.9650557,-3559631.47867591,,2015-12-09T05:29:30,,100,10220,SA 
676697.408713264856488,-3330616.920241384766996,10693289,SUOMI NPP,2011-061A,NASA/NOAA,VIIRS,21321,2015-12-09T05:23:08,2015-12-09T05:35:53,,VIIRS (AER),6,,-30.432,139.1247,15487286.7532653,-3559201.54715869,,2015-12-09T05:29:30,,100,10220,SA 
677788.952163366251625,-3330329.946303053759038,10693288,SUOMI NPP,2011-061A,NASA/NOAA,VIIRS,21321,2015-12-09T05:23:08,2015-12-09T05:35:53,,VIIRS (AER),6,,-30.4289,139.136,15488547.11254,-3558806.10058838,,2015-12-09T05:29:30,,93,10220,SA 
673764.044134820462205,-3332877.943463325034827,10693287,SUOMI NPP,2011-061A,NASA/NOAA,VIIRS,21321,2015-12-09T05:23:08,2015-12-09T05:35:53,,VIIRS (AER),6,,-30.4536,139.0952,15484005.0546767,-3561992.36132381,,2015-12-09T05:29:30,,82,10220,SA 
674932.445538642350584,-3332572.558920630253851,10693286,SUOMI NPP,2011-061A,NASA/NOAA,VIIRS,21321,2015-12-09T05:23:08,2015-12-09T05:35:53,,VIIRS (AER),6,,-30.4503,139.1073,15485353.8016271,-3561569.96787372,,2015-12-09T05:29:30,,100,10220,SA 
676177.42928001342807,-3332260.330483145546168,10693285,SUOMI NPP,2011-061A,NASA/NOAA,VIIRS,21321,2015-12-09T05:23:08,2015-12-09T05:35:53,,VIIRS (AER),6,,-30.4469,139.1202,15486785.7042372,-3561121.50511044,,2015-12-09T05:29:30,,100,10220,SA 
668885.716834967839532,-3337130.857037121895701,10693284,SUOMI NPP,2011-061A,NASA/NOAA,VIIRS,21321,2015-12-09T05:23:08,2015-12-09T05:35:53,,VIIRS (AER),6,,-30.4939,139.0464,15478576.3370692,-3567196.15699149,,2015-12-09T05:29:30,,82,10220,SA 
669966.368629340664484,-3336853.862994217779487,10693283,SUOMI NPP,2011-061A,NASA/NOAA,VIIRS,21321,2015-12-09T05:23:08,2015-12-09T05:35:53,,VIIRS (AER),6,,-30.4909,139.0576,15479823.1153661,-3566807.82257293,,2015-12-09T05:29:30,,58,10220,SA 
668680.617466717027128,-3337400.121476035099477,10693281,SUOMI NPP,2011-061A,NASA/NOAA,VIIRS,21321,2015-12-09T05:23:08,2015-12-09T05:35:53,,VIIRS (AER),6,,-30.4964,139.0444,15478357.2603113,-3567522.62039123,,2015-12-09T05:29:30,,54,10220,SA 
669275.913219705456868,-3335749.461816654074937,10693282,SUOMI NPP,2011-061A,NASA/NOAA,VIIRS,21321,2015-12-09T05:23:08,2015-12-09T05:35:53,,VIIRS (AER),6,,-30.4814,139.0497,15478941.5763185,-3565579.33859572,,2015-12-09T05:29:30,,56,10220,SA 
672880.969671865110286,-3330101.411483224947006,10693297,SUOMI NPP,2011-061A,NASA/NOAA,VIIRS,21321,2015-12-09T05:23:08,2015-12-09T05:35:53,,VIIRS (AER),6,,-30.4293,139.0843,15482797.3495211,-3558852.83570965,,2015-12-09T05:29:30,,94,10220,SA 
674088.179986309609376,-3329786.854940099641681,10693296,SUOMI NPP,2011-061A,NASA/NOAA,VIIRS,21321,2015-12-09T05:23:08,2015-12-09T05:35:53,,VIIRS (AER),6,,-30.4259,139.0968,15484185.1696128,-3558416.21766125,,2015-12-09T05:29:30,,93,10220,SA 
675334.03753094188869,-3329463.342198821250349,10693295,SUOMI NPP,2011-061A,NASA/NOAA,VIIRS,21321,2015-12-09T05:23:08,2015-12-09T05:35:53,,VIIRS (AER),6,,-30.4224,139.1097,15485618.7420152,-3557964.89806032,,2015-12-09T05:29:30,,92,10220,SA 
669890.093052679440007,-3332382.596910297870636,10693294,SUOMI NPP,2011-061A,NASA/NOAA,VIIRS,21321,2015-12-09T05:23:08,2015-12-09T05:35:53,,VIIRS (AER),6,,-30.4511,139.0542,15479447.7460431,-3561661.3927072,,2015-12-09T05:29:30,,49,10220,SA 
672772.249313770676963,-3330173.946831416338682,10692470,AQUA,2002-022A,NASA,MODIS,72330,2015-12-09T04:44:29,2015-12-09T04:57:54,,MOD14,5.0.1,,-30.43,139.0832,15482670.0000236,-3558943.20798308,358.1,2015-12-09T04:51:10,69,99,10220,SA 
674477.515952663030475,-3330145.241924877744168,10692465,AQUA,2002-022A,NASA,MODIS,72330,2015-12-09T04:44:29,2015-12-09T04:57:54,,MOD14,5.0.1,,-30.4289,139.1011,15484665.847174,-3558795.25599939,355,2015-12-09T04:49:40,57.6,97,10220,SA 
675983.823715205304325,-3332148.512191279791296,10692455,AQUA,2002-022A,NASA,MODIS,72330,2015-12-09T04:44:29,2015-12-09T04:57:54,,MOD14,5.0.1,,-30.446,139.1181,15486553.0465015,-3561005.9378257,428.9,2015-12-09T04:47:00,450.8,100,10220,SA 
673792.497989809256978,-3333564.193576648831367,10692454,AQUA,2002-022A,NASA,MODIS,72330,2015-12-09T04:44:29,2015-12-09T04:57:54,,MOD14,5.0.1,,-30.4597,139.0959,15484089.9914482,-3562771.97338397,336.5,2015-12-09T04:46:50,20.6,61,10220,SA 
673307.49396064679604,-3330304.68334630317986,10692466,AQUA,2002-022A,NASA,MODIS,72330,2015-12-09T04:44:29,2015-12-09T04:57:54,,MOD14,5.0.1,,-30.4309,139.0889,15483305.3003576,-3559060.69290813,381.2,2015-12-09T04:45:30,140.5,100,10220,SA 
672315.127571877557784,-3331551.606974151451141,10692464,AQUA,2002-022A,NASA,MODIS,72330,2015-12-09T04:44:29,2015-12-09T04:57:54,,MOD14,5.0.1,,-30.4425,139.0792,15482224.9446994,-3560558.01163886,353.6,2015-12-09T04:44:50,51.5,97,10220,SA 
672175.461301838629879,-3330466.341822823043913,10692467,AQUA,2002-022A,NASA,MODIS,72330,2015-12-09T04:44:29,2015-12-09T04:57:54,,MOD14,5.0.1,,-30.4329,139.0771,15481987.1662671,-3559317.22698827,354.7,2015-12-09T04:44:40,57.8,97,10220,SA 
676948.076277868822217,-3330900.303183501120657,10692460,AQUA,2002-022A,NASA,MODIS,72330,2015-12-09T04:44:29,2015-12-09T04:57:54,,MOD14,5.0.1,,-30.4344,139.1275,15487606.1288844,-3559511.79356285,350.7,2015-12-09T04:44:30,54.7,95,10220,SA 
675102.846281931269914,-3329854.544443845748901,10692468,AQUA,2002-022A,NASA,MODIS,72330,2015-12-09T04:44:29,2015-12-09T04:57:54,,MOD14,5.0.1,,-30.426,139.1075,15485380.9635829,-3558429.51479406,337.2,2015-12-09T04:44:30,22.6,88,10220,SA 
673447.06357185752131,-3331389.963356662541628,10692463,AQUA,2002-022A,NASA,MODIS,72330,2015-12-09T04:44:29,2015-12-09T04:57:54,,MOD14,5.0.1,,-30.4405,139.091,15483543.0787899,-3560302.35609983,357.4,2015-12-09T04:44:30,60.1,98,10220,SA 
674616.985505541437306,-3331230.537220939528197,10692462,AQUA,2002-022A,NASA,MODIS,72330,2015-12-09T04:44:29,2015-12-09T04:57:54,,MOD14,5.0.1,,-30.4385,139.1032,15484895.1653251,-3560039.60442809,369.4,2015-12-09T04:44:30,98.3,100,10220,SA 
675777.456346058286726,-3331070.694666871335357,10692461,AQUA,2002-022A,NASA,MODIS,72330,2015-12-09T04:44:29,2015-12-09T04:57:54,,MOD14,5.0.1,,-30.4365,139.1153,15486240.4613713,-3559777.50380124,395.9,2015-12-09T04:44:30,216.5,100,10220,SA 
670153.242112989188172,-3332958.340142378117889,10692459,AQUA,2002-022A,NASA,MODIS,72330,2015-12-09T04:44:29,2015-12-09T04:57:54,,MOD14,5.0.1,,-30.4561,139.0573,15479784.0422248,-3562317.52741944,365.1,2015-12-09T04:44:30,83.9,100,10220,SA 
671294.496042111073621,-3332797.022662362549454,10692458,AQUA,2002-022A,NASA,MODIS,72330,2015-12-09T04:44:29,2015-12-09T04:57:54,,MOD14,5.0.1,,-30.4541,139.0692,15481110.6365966,-3562060.80305246,336.7,2015-12-09T04:44:30,17.2,26,10220,SA 
673634.031172772403806,-3332477.872543375939131,10692457,AQUA,2002-022A,NASA,MODIS,72330,2015-12-09T04:44:29,2015-12-09T04:57:54,,MOD14,5.0.1,,-30.4501,139.0936,15483831.841549,-3561533.81134319,387.8,2015-12-09T04:44:30,169.2,100,10220,SA 
674804.476677505881526,-3332307.276764777954668,10692456,AQUA,2002-022A,NASA,MODIS,72330,2015-12-09T04:44:29,2015-12-09T04:57:54,,MOD14,5.0.1,,-30.448,139.1058,15485182.2582918,-3561272.19611355,497.3,2015-12-09T04:44:30,1571.7,100,10220,SA 
674991.301537296618335,-3333395.200023007113487,10692453,AQUA,2002-022A,NASA,MODIS,72330,2015-12-09T04:44:29,2015-12-09T04:57:54,,MOD14,5.0.1,,-30.4576,139.1084,15485474.3606357,-3562504.39196011,350.2,2015-12-09T04:44:30,48.4,95,10220,SA 
669479.626351132406853,-3336366.790497368201613,10692452,AQUA,2002-022A,NASA,MODIS,72330,2015-12-09T04:44:29,2015-12-09T04:57:54,,MOD14,5.0.1,,-30.4868,139.0522,15479218.4278921,-3566282.31126453,354.8,2015-12-09T04:44:30,57.9,97,10220,SA 
673932.785286412807181,-3330013.926057527307421,10692469,AQUA,2002-022A,NASA,MODIS,72330,2015-12-09T04:44:29,2015-12-09T04:57:54,,MOD14,5.0.1,,-30.428,139.0953,15484018.6356546,-3558687.84343188,351.7,2015-12-09T04:44:30,52,96,10220,SA 
670902.687440500594676,-3332483.50381298456341,10693216,SUOMI NPP,2011-061A,NASA/NOAA,VIIRS,21320,2015-12-09T03:42:08,2015-12-09T03:54:53,,VIIRS (AER),6,,-30.4515,139.0649,15480636.7495243,-3561723.37602292,,2015-12-09T03:48:30,,100,10221,SA 
670035.07496460492257,-3332514.074417106807232,10693217,SUOMI NPP,2011-061A,NASA/NOAA,VIIRS,21320,2015-12-09T03:42:08,2015-12-09T03:54:53,,VIIRS (AER),6,,-30.4522,139.0558,15479622.7402826,-3561804.21305587,,2015-12-09T03:48:30,,100,10221,SA 
672526.603938666870818,-3331170.494061774108559,10693219,SUOMI NPP,2011-061A,NASA/NOAA,VIIRS,21320,2015-12-09T03:42:08,2015-12-09T03:54:53,,VIIRS (AER),6,,-30.439,139.0812,15482447.4723615,-3560109.45581158,,2015-12-09T03:48:30,,100,10221,SA 
671620.937484776834026,-3331198.846362515352666,10693220,SUOMI NPP,2011-061A,NASA/NOAA,VIIRS,21320,2015-12-09T03:42:08,2015-12-09T03:54:53,,VIIRS (AER),6,,-30.4397,139.0717,15481387.5994897,-3560192.73569393,,2015-12-09T03:48:30,,100,10221,SA 
674102.801683511817828,-3329866.238502723164856,10693221,SUOMI NPP,2011-061A,NASA/NOAA,VIIRS,21320,2015-12-09T03:42:08,2015-12-09T03:54:53,,VIIRS (AER),6,,-30.4266,139.097,15484212.3315685,-3558500.26094062,,2015-12-09T03:48:30,,92,10221,SA 
672473.408873111591674,-3329899.207119752187282,10693223,SUOMI NPP,2011-061A,NASA/NOAA,VIIRS,21320,2015-12-09T03:42:08,2015-12-09T03:54:53,,VIIRS (AER),6,,-30.4277,139.0799,15482306.5418862,-3558650.01686841,,2015-12-09T03:48:30,,100,10221,SA 
673321.623645233921707,-3329878.945143680553883,10693222,SUOMI NPP,2011-061A,NASA/NOAA,VIIRS,21320,2015-12-09T03:42:08,2015-12-09T03:54:53,,VIIRS (AER),6,,-30.4271,139.0888,15483289.9382678,-3558573.84768261,,2015-12-09T03:48:30,,100,10221,SA 
673403.193718813708983,-3331151.817719199229032,10693218,SUOMI NPP,2011-061A,NASA/NOAA,VIIRS,21320,2015-12-09T03:42:08,2015-12-09T03:54:53,,VIIRS (AER),6,,-30.4384,139.0904,15483476.8436929,-3560027.46762834,,2015-12-09T03:48:30,,96,10221,SA 
671868.855536110932007,-3331190.13777021644637,10692342,TERRA,1999-068A,NASA,MODIS,84967,2015-12-09T00:25:06,2015-12-09T00:37:06,,MOD14,5.0.1,,-30.4395,139.0743,15481681.3716259,-3560175.04674261,336.3,2015-12-09T00:31:40,26.2,65,10225,SA 
673890.791361051495187,-3330426.891028902027756,10692341,TERRA,1999-068A,NASA,MODIS,84967,2015-12-09T00:25:06,2015-12-09T00:37:06,,MOD14,5.0.1,,-30.4317,139.0951,15483998.2641878,-3559157.78017884,333.4,2015-12-09T00:25:50,24.8,78,10225,SA 
674344.035769619164057,-3330833.723364180419594,10692340,TERRA,1999-068A,NASA,MODIS,84967,2015-12-09T00:25:06,2015-12-09T00:37:06,,MOD14,5.0.1,,-30.4351,139.1001,15484552.0786545,-3559596.74792723,334.5,2015-12-09T00:25:10,27.3,85,10225,SA 
672713.629446658189408,-3330372.729926901403815,10692339,TERRA,1999-068A,NASA,MODIS,84967,2015-12-09T00:25:06,2015-12-09T00:37:06,,MOD14,5.0.1,,-30.4318,139.0827,15482612.2252079,-3559171.98183705,334.1,2015-12-09T00:25:10,25.3,82,10225,SA 
681691.57029465737287,-3301485.123105854261667,10692214,NOAA 19,2009-005A,NOAA,AVHRR,35212,2015-12-08T17:36:29,2015-12-08T17:52:18,,GA AVHRR,1.0.0,,-30.17,139.16,15491220.3387919,-3525420.52847187,302.1,2015-12-08T17:44:23,,,10231,SA 
687271.384025383042172,-3304044.873840826097876,10692242,NOAA 19,2009-005A,NOAA,AVHRR,35212,2015-12-08T17:36:29,2015-12-08T17:52:18,,GA AVHRR,1.0.0,,-30.19,139.22,15497899.5082395,-3527996.0261507,300.7,2015-12-08T17:44:23,,,10231,SA 
686320.496118198148906,-3303991.11533413734287,10692241,NOAA 19,2009-005A,NOAA,AVHRR,35212,2015-12-08T17:36:29,2015-12-08T17:52:18,,GA AVHRR,1.0.0,,-30.19,139.21,15496786.3133316,-3527996.0261507,300.7,2015-12-08T17:44:23,,,10231,SA 
685369.604006009059958,-3303937.431257747113705,10692240,NOAA 19,2009-005A,NOAA,AVHRR,35212,2015-12-08T17:36:29,2015-12-08T17:52:18,,GA AVHRR,1.0.0,,-30.19,139.2,15495673.1184237,-3527996.0261507,300.7,2015-12-08T17:44:23,,,10231,SA 
684418.707694649230689,-3303883.821611984167248,10692239,NOAA 19,2009-005A,NOAA,AVHRR,35212,2015-12-08T17:36:29,2015-12-08T17:52:18,,GA AVHRR,1.0.0,,-30.19,139.19,15494559.9235157,-3527996.0261507,300.7,2015-12-08T17:44:23,,,10231,SA 
683467.807189944665879,-3303830.286397177260369,10692238,NOAA 19,2009-005A,NOAA,AVHRR,35212,2015-12-08T17:36:29,2015-12-08T17:52:18,,GA AVHRR,1.0.0,,-30.19,139.18,15493446.7286078,-3527996.0261507,300.7,2015-12-08T17:44:23,,,10231,SA 
682516.902497714036144,-3303776.825613656081259,10692237,NOAA 19,2009-005A,NOAA,AVHRR,35212,2015-12-08T17:36:29,2015-12-08T17:52:18,,GA AVHRR,1.0.0,,-30.19,139.17,15492333.5336999,-3527996.0261507,325.3,2015-12-08T17:44:23,,,10231,SA 
681565.993623790564016,-3303723.439261743798852,10692236,NOAA 19,2009-005A,NOAA,AVHRR,35212,2015-12-08T17:36:29,2015-12-08T17:52:18,,GA AVHRR,1.0.0,,-30.19,139.16,15491220.3387919,-3527996.0261507,301,2015-12-08T17:44:23,,,10231,SA 
680615.080573998391628,-3303670.127341771498322,10692235,NOAA 19,2009-005A,NOAA,AVHRR,35212,2015-12-08T17:36:29,2015-12-08T17:52:18,,GA AVHRR,1.0.0,,-30.19,139.15,15490107.143884,-3527996.0261507,301,2015-12-08T17:44:23,,,10231,SA 
679664.163354163058102,-3303616.889854065142572,10692234,NOAA 19,2009-005A,NOAA,AVHRR,35212,2015-12-08T17:36:29,2015-12-08T17:52:18,,GA AVHRR,1.0.0,,-30.19,139.14,15488993.9489761,-3527996.0261507,301,2015-12-08T17:44:23,,,10231,SA 
678713.241970111150295,-3303563.726798950694501,10692233,NOAA 19,2009-005A,NOAA,AVHRR,35212,2015-12-08T17:36:29,2015-12-08T17:52:18,,GA AVHRR,1.0.0,,-30.19,139.13,15487880.7540682,-3527996.0261507,298.7,2015-12-08T17:44:23,,,10231,SA 
677762.316427668672986,-3303510.638176751788706,10692232,NOAA 19,2009-005A,NOAA,AVHRR,35212,2015-12-08T17:36:29,2015-12-08T17:52:18,,GA AVHRR,1.0.0,,-30.19,139.12,15486767.5591602,-3527996.0261507,298.7,2015-12-08T17:44:23,,,10231,SA 
676811.386732664192095,-3303457.623987795785069,10692231,NOAA 19,2009-005A,NOAA,AVHRR,35212,2015-12-08T17:36:29,2015-12-08T17:52:18,,GA AVHRR,1.0.0,,-30.19,139.11,15485654.3642523,-3527996.0261507,298.7,2015-12-08T17:44:23,,,10231,SA 
675860.452890916843899,-3303404.684232407715172,10692230,NOAA 19,2009-005A,NOAA,AVHRR,35212,2015-12-08T17:36:29,2015-12-08T17:52:18,,GA AVHRR,1.0.0,,-30.19,139.1,15484541.1693444,-3527996.0261507,298.7,2015-12-08T17:44:23,,,10231,SA 
687334.697729446459562,-3302925.749487087130547,10692229,NOAA 19,2009-005A,NOAA,AVHRR,35212,2015-12-08T17:36:29,2015-12-08T17:52:18,,GA AVHRR,1.0.0,,-30.18,139.22,15497899.5082395,-3526708.21195865,301.1,2015-12-08T17:44:23,,,10231,SA 
686383.722223334945738,-3302871.986027989070863,10692228,NOAA 19,2009-005A,NOAA,AVHRR,35212,2015-12-08T17:36:29,2015-12-08T17:52:18,,GA AVHRR,1.0.0,,-30.18,139.21,15496786.3133316,-3526708.21195865,301.1,2015-12-08T17:44:23,,,10231,SA 
685432.742511831922457,-3302818.297006044071168,10692227,NOAA 19,2009-005A,NOAA,AVHRR,35212,2015-12-08T17:36:29,2015-12-08T17:52:18,,GA AVHRR,1.0.0,,-30.18,139.2,15495673.1184237,-3526708.21195865,301.1,2015-12-08T17:44:23,,,10231,SA 
684481.758600771310739,-3302764.682421585079283,10692226,NOAA 19,2009-005A,NOAA,AVHRR,35212,2015-12-08T17:36:29,2015-12-08T17:52:18,,GA AVHRR,1.0.0,,-30.18,139.19,15494559.9235157,-3526708.21195865,301.1,2015-12-08T17:44:23,,,10231,SA 
683530.770495979464613,-3302711.142274938058108,10692225,NOAA 19,2009-005A,NOAA,AVHRR,35212,2015-12-08T17:36:29,2015-12-08T17:52:18,,GA AVHRR,1.0.0,,-30.18,139.18,15493446.7286078,-3526708.21195865,301.1,2015-12-08T17:44:23,,,10231,SA 
682579.778203275986016,-3302657.676566431764513,10692224,NOAA 19,2009-005A,NOAA,AVHRR,35212,2015-12-08T17:36:29,2015-12-08T17:52:18,,GA AVHRR,1.0.0,,-30.18,139.17,15492333.5336999,-3526708.21195865,324.7,2015-12-08T17:44:23,,,10231,SA 
681628.781728494330309,-3302604.285296394024044,10692223,NOAA 19,2009-005A,NOAA,AVHRR,35212,2015-12-08T17:36:29,2015-12-08T17:52:18,,GA AVHRR,1.0.0,,-30.18,139.16,15491220.3387919,-3526708.21195865,324.7,2015-12-08T17:44:23,,,10231,SA 
680677.781077459338121,-3302550.968465151265264,10692222,NOAA 19,2009-005A,NOAA,AVHRR,35212,2015-12-08T17:36:29,2015-12-08T17:52:18,,GA AVHRR,1.0.0,,-30.18,139.15,15490107.143884,-3526708.21195865,325.3,2015-12-08T17:44:23,,,10231,SA 
679726.776255996897817,-3302497.726073031313717,10692221,NOAA 19,2009-005A,NOAA,AVHRR,35212,2015-12-08T17:36:29,2015-12-08T17:52:18,,GA AVHRR,1.0.0,,-30.18,139.14,15488993.9489761,-3526708.21195865,325.3,2015-12-08T17:44:23,,,10231,SA 
678775.767269934411161,-3302444.558120361994952,10692220,NOAA 19,2009-005A,NOAA,AVHRR,35212,2015-12-08T17:36:29,2015-12-08T17:52:18,,GA AVHRR,1.0.0,,-30.18,139.13,15487880.7540682,-3526708.21195865,313.9,2015-12-08T17:44:23,,,10231,SA 
677824.754125098115765,-3302391.464607464615256,10692219,NOAA 19,2009-005A,NOAA,AVHRR,35212,2015-12-08T17:36:29,2015-12-08T17:52:18,,GA AVHRR,1.0.0,,-30.18,139.12,15486767.5591602,-3526708.21195865,313.9,2015-12-08T17:44:23,,,10231,SA 
676873.736827317392454,-3302338.445534666534513,10692218,NOAA 19,2009-005A,NOAA,AVHRR,35212,2015-12-08T17:36:29,2015-12-08T17:52:18,,GA AVHRR,1.0.0,,-30.18,139.11,15485654.3642523,-3526708.21195865,313.9,2015-12-08T17:44:23,,,10231,SA 
675922.71538241172675,-3302285.500902293249965,10692217,NOAA 19,2009-005A,NOAA,AVHRR,35212,2015-12-08T17:36:29,2015-12-08T17:52:18,,GA AVHRR,1.0.0,,-30.18,139.1,15484541.1693444,-3526708.21195865,313.9,2015-12-08T17:44:23,,,10231,SA 
683593.734264761209488,-3301591.989927581045777,10692216,NOAA 19,2009-005A,NOAA,AVHRR,35212,2015-12-08T17:36:29,2015-12-08T17:52:18,,GA AVHRR,1.0.0,,-30.17,139.18,15493446.7286078,-3525420.52847187,302.1,2015-12-08T17:44:23,,,10231,SA 
682642.654370940872468,-3301538.519294056575745,10692215,NOAA 19,2009-005A,NOAA,AVHRR,35212,2015-12-08T17:36:29,2015-12-08T17:52:18,,GA AVHRR,1.0.0,,-30.17,139.17,15492333.5336999,-3525420.52847187,302.1,2015-12-08T17:44:23,,,10231,SA 
680740.482041735667735,-3301431.801363306585699,10692213,NOAA 19,2009-005A,NOAA,AVHRR,35212,2015-12-08T17:36:29,2015-12-08T17:52:18,,GA AVHRR,1.0.0,,-30.17,139.15,15490107.143884,-3525420.52847187,302.1,2015-12-08T17:44:23,,,10231,SA 
679789.389618002460338,-3301378.554066738113761,10692212,NOAA 19,2009-005A,NOAA,AVHRR,35212,2015-12-08T17:36:29,2015-12-08T17:52:18,,GA AVHRR,1.0.0,,-30.17,139.14,15488993.9489761,-3525420.52847187,324.7,2015-12-08T17:44:23,,,10231,SA 
678838.293029285385273,-3301325.381216476205736,10692211,NOAA 19,2009-005A,NOAA,AVHRR,35212,2015-12-08T17:36:29,2015-12-08T17:52:18,,GA AVHRR,1.0.0,,-30.17,139.13,15487880.7540682,-3525420.52847187,314.1,2015-12-08T17:44:23,,,10231,SA 
677887.192281411611475,-3301272.282812844961882,10692210,NOAA 19,2009-005A,NOAA,AVHRR,35212,2015-12-08T17:36:29,2015-12-08T17:52:18,,GA AVHRR,1.0.0,,-30.17,139.12,15486767.5591602,-3525420.52847187,314.1,2015-12-08T17:44:23,,,10231,SA 
676936.087380210752599,-3301219.258856168482453,10692209,NOAA 19,2009-005A,NOAA,AVHRR,35212,2015-12-08T17:36:29,2015-12-08T17:52:18,,GA AVHRR,1.0.0,,-30.17,139.11,15485654.3642523,-3525420.52847187,314.1,2015-12-08T17:44:23,,,10231,SA 
675984.97833150299266,-3301166.30934677598998,10692208,NOAA 19,2009-005A,NOAA,AVHRR,35212,2015-12-08T17:36:29,2015-12-08T17:52:18,,GA AVHRR,1.0.0,,-30.17,139.1,15484541.1693444,-3525420.52847187,314.1,2015-12-08T17:44:23,,,10231,SA 
679852.003438145155087,-3300259.373871548566967,10692207,NOAA 19,2009-005A,NOAA,AVHRR,35212,2015-12-08T17:36:29,2015-12-08T17:52:18,,GA AVHRR,1.0.0,,-30.16,139.14,15488993.9489761,-3524132.97562463,302.1,2015-12-08T17:44:23,,,10231,SA 
672232.928914004354738,-3330974.616778320167214,10692171,AQUA,2002-022A,NASA,MODIS,72323,2015-12-08T16:36:39,2015-12-08T16:49:32,,MOD14,5.0.1,,-30.4374,139.078,15482090.804713,-3559903.90534354,319,2015-12-08T16:40:00,23.2,97,10232,SA 
676457.063633162877522,-3331512.680699849035591,10692172,AQUA,2002-022A,NASA,MODIS,72323,2015-12-08T16:36:39,2015-12-08T16:49:32,,MOD14,5.0.1,,-30.4401,139.1227,15487067.6765074,-3560244.89887759,306.1,2015-12-08T16:37:10,10.2,41,10232,SA 
676871.038939260994084,-3331086.81615946162492,10692170,AQUA,2002-022A,NASA,MODIS,72323,2015-12-08T16:36:39,2015-12-08T16:49:32,,MOD14,5.0.1,,-30.4361,139.1268,15487521.1921129,-3559735.15504942,307.9,2015-12-08T16:36:50,11.6,57,10233,SA 
672675.850239939289168,-3330538.99677186505869,10692169,AQUA,2002-022A,NASA,MODIS,72323,2015-12-08T16:36:39,2015-12-08T16:49:32,,MOD14,5.0.1,,-30.4333,139.0824,15482578.2727632,-3559363.06025041,321.6,2015-12-08T16:36:40,26.1,100,10233,SA 
673479.623259221320041,-3329090.793501137755811,10692117,NOAA 19,2009-005A,NOAA,AVHRR,35211,2015-12-08T15:57:09,2015-12-08T16:11:00,,GA AVHRR,1.0.0,,-30.42,139.09,15483427.9744364,-3557651.97886008,303.1,2015-12-08T16:04:04,,,10233,SA 
672530.695847397786565,-3329038.11445884918794,10692116,NOAA 19,2009-005A,NOAA,AVHRR,35211,2015-12-08T15:57:09,2015-12-08T16:11:00,,GA AVHRR,1.0.0,,-30.42,139.08,15482314.7795285,-3557651.97886008,319.5,2015-12-08T16:04:04,,,10233,SA 
671581.764315058710054,-3328985.509693396743387,10692115,NOAA 19,2009-005A,NOAA,AVHRR,35211,2015-12-08T15:57:09,2015-12-08T16:11:00,,GA AVHRR,1.0.0,,-30.42,139.07,15481201.5846206,-3557651.97886008,329.5,2015-12-08T16:04:04,,,10233,SA 
670632.828668025205843,-3328932.979205107316375,10692114,NOAA 19,2009-005A,NOAA,AVHRR,35211,2015-12-08T15:57:09,2015-12-08T16:11:00,,GA AVHRR,1.0.0,,-30.42,139.06,15480088.3897126,-3557651.97886008,329.5,2015-12-08T16:04:04,,,10233,SA 
669683.888912108610384,-3328880.522994299884886,10692113,NOAA 19,2009-005A,NOAA,AVHRR,35211,2015-12-08T15:57:09,2015-12-08T16:11:00,,GA AVHRR,1.0.0,,-30.42,139.05,15478975.1948047,-3557651.97886008,304.8,2015-12-08T16:04:04,,,10233,SA 
668734.945053123286925,-3328828.141061298549175,10692112,NOAA 19,2009-005A,NOAA,AVHRR,35211,2015-12-08T15:57:09,2015-12-08T16:11:00,,GA AVHRR,1.0.0,,-30.42,139.04,15477861.9998968,-3557651.97886008,314.4,2015-12-08T16:04:04,,,10233,SA 
672592.772078218637034,-3327919.120641936082393,10692111,NOAA 19,2009-005A,NOAA,AVHRR,35211,2015-12-08T15:57:09,2015-12-08T16:11:00,,GA AVHRR,1.0.0,,-30.41,139.08,15482314.7795285,-3556361.14023611,305.5,2015-12-08T16:04:04,,,10233,SA 
671643.752957174321637,-3327866.511020934209228,10692110,NOAA 19,2009-005A,NOAA,AVHRR,35211,2015-12-08T15:57:09,2015-12-08T16:11:00,,GA AVHRR,1.0.0,,-30.41,139.07,15481201.5846206,-3556361.14023611,305.5,2015-12-08T16:04:04,,,10233,SA 
670694.729721055715345,-3327813.975683952216059,10692109,NOAA 19,2009-005A,NOAA,AVHRR,35211,2015-12-08T15:57:09,2015-12-08T16:11:00,,GA AVHRR,1.0.0,,-30.41,139.06,15480088.3897126,-3556361.14023611,305.5,2015-12-08T16:04:04,,,10233,SA 
668796.670926846796647,-3327709.127863326109946,10692108,NOAA 19,2009-005A,NOAA,AVHRR,35211,2015-12-08T15:57:09,2015-12-08T16:11:00,,GA AVHRR,1.0.0,,-30.41,139.04,15477861.9998968,-3556361.14023611,304.8,2015-12-08T16:04:04,,,10233,SA 
673293.134843592182733,-3332447.705610161647201,10692138,NOAA 19,2009-005A,NOAA,AVHRR,35211,2015-12-08T15:57:09,2015-12-08T16:11:00,,GA AVHRR,1.0.0,,-30.45,139.09,15483427.9744364,-3561525.28874755,298.9,2015-12-08T16:04:04,,,10233,SA 
670447.128537883167155,-3332289.935013356618583,10692137,NOAA 19,2009-005A,NOAA,AVHRR,35211,2015-12-08T15:57:09,2015-12-08T16:11:00,,GA AVHRR,1.0.0,,-30.45,139.06,15480088.3897126,-3561525.28874755,304.4,2015-12-08T16:04:04,,,10233,SA 
669498.451546073425561,-3332237.493327823933214,10692136,NOAA 19,2009-005A,NOAA,AVHRR,35211,2015-12-08T15:57:09,2015-12-08T16:11:00,,GA AVHRR,1.0.0,,-30.45,139.05,15478975.1948047,-3561525.28874755,304.4,2015-12-08T16:04:04,,,10233,SA 
673355.297139798523858,-3331328.744069544132799,10692135,NOAA 19,2009-005A,NOAA,AVHRR,35211,2015-12-08T15:57:09,2015-12-08T16:11:00,,GA AVHRR,1.0.0,,-30.44,139.09,15483427.9744364,-3560234.05304933,309.6,2015-12-08T16:04:04,,,10233,SA 
672406.544902484631166,-3331276.074751945678145,10692134,NOAA 19,2009-005A,NOAA,AVHRR,35211,2015-12-08T15:57:09,2015-12-08T16:11:00,,GA AVHRR,1.0.0,,-30.44,139.08,15482314.7795285,-3560234.05304933,298.9,2015-12-08T16:04:04,,,10233,SA 
671457.788545415736735,-3331223.479697472415864,10692133,NOAA 19,2009-005A,NOAA,AVHRR,35211,2015-12-08T15:57:09,2015-12-08T16:11:00,,GA AVHRR,1.0.0,,-30.44,139.07,15481201.5846206,-3560234.05304933,322.7,2015-12-08T16:04:04,,,10233,SA 
670509.02807441202458,-3331170.958906450774521,10692132,NOAA 19,2009-005A,NOAA,AVHRR,35211,2015-12-08T15:57:09,2015-12-08T16:11:00,,GA AVHRR,1.0.0,,-30.44,139.06,15480088.3897126,-3560234.05304933,322.7,2015-12-08T16:04:04,,,10233,SA 
669560.263495283783413,-3331118.512379198335111,10692131,NOAA 19,2009-005A,NOAA,AVHRR,35211,2015-12-08T15:57:09,2015-12-08T16:11:00,,GA AVHRR,1.0.0,,-30.44,139.05,15478975.1948047,-3560234.05304933,322.7,2015-12-08T16:04:04,,,10233,SA 
668611.494813844212331,-3331066.140116040129215,10692130,NOAA 19,2009-005A,NOAA,AVHRR,35211,2015-12-08T15:57:09,2015-12-08T16:11:00,,GA AVHRR,1.0.0,,-30.44,139.04,15477861.9998968,-3560234.05304933,313.4,2015-12-08T16:04:04,,,10233,SA 
667662.722035906161182,-3331013.842117295134813,10692129,NOAA 19,2009-005A,NOAA,AVHRR,35211,2015-12-08T15:57:09,2015-12-08T16:11:00,,GA AVHRR,1.0.0,,-30.44,139.03,15476748.8049888,-3560234.05304933,313.4,2015-12-08T16:04:04,,,10233,SA 
676263.954639409552328,-3330368.241510766558349,10692128,NOAA 19,2009-005A,NOAA,AVHRR,35211,2015-12-08T15:57:09,2015-12-08T16:11:00,,GA AVHRR,1.0.0,,-30.43,139.12,15486767.5591602,-3558942.94977566,293.5,2015-12-08T16:04:04,,,10233,SA 
675315.12721047049854,-3330315.34452283103019,10692127,NOAA 19,2009-005A,NOAA,AVHRR,35211,2015-12-08T15:57:09,2015-12-08T16:11:00,,GA AVHRR,1.0.0,,-30.43,139.11,15485654.3642523,-3558942.94977566,293.5,2015-12-08T16:04:04,,,10233,SA 
674366.295643956051208,-3330262.521803908515722,10692126,NOAA 19,2009-005A,NOAA,AVHRR,35211,2015-12-08T15:57:09,2015-12-08T16:11:00,,GA AVHRR,1.0.0,,-30.43,139.1,15484541.1693444,-3558942.94977566,293.5,2015-12-08T16:04:04,,,10233,SA 
673417.459945686743595,-3330209.773354324046522,10692125,NOAA 19,2009-005A,NOAA,AVHRR,35211,2015-12-08T15:57:09,2015-12-08T16:11:00,,GA AVHRR,1.0.0,,-30.43,139.09,15483427.9744364,-3558942.94977566,319.5,2015-12-08T16:04:04,,,10233,SA 
672468.620121475658379,-3330157.099174399860203,10692124,NOAA 19,2009-005A,NOAA,AVHRR,35211,2015-12-08T15:57:09,2015-12-08T16:11:00,,GA AVHRR,1.0.0,,-30.43,139.08,15482314.7795285,-3558942.94977566,309.6,2015-12-08T16:04:04,,,10233,SA 
671519.776177129242569,-3330104.499264456797391,10692123,NOAA 19,2009-005A,NOAA,AVHRR,35211,2015-12-08T15:57:09,2015-12-08T16:11:00,,GA AVHRR,1.0.0,,-30.43,139.07,15481201.5846206,-3558942.94977566,331.3,2015-12-08T16:04:04,,,10233,SA 
669622.075951303471811,-3329999.522255810908973,10692121,NOAA 19,2009-005A,NOAA,AVHRR,35211,2015-12-08T15:57:09,2015-12-08T16:11:00,,GA AVHRR,1.0.0,,-30.43,139.05,15478975.1948047,-3558942.94977566,314.4,2015-12-08T16:04:04,,,10233,SA 
670570.928118468262255,-3330051.973624821286649,10692122,NOAA 19,2009-005A,NOAA,AVHRR,35211,2015-12-08T15:57:09,2015-12-08T16:11:00,,GA AVHRR,1.0.0,,-30.43,139.06,15480088.3897126,-3558942.94977566,331.3,2015-12-08T16:04:04,,,10233,SA 
668673.219681448652409,-3329947.145157751161605,10692120,NOAA 19,2009-005A,NOAA,AVHRR,35211,2015-12-08T15:57:09,2015-12-08T16:11:00,,GA AVHRR,1.0.0,,-30.43,139.04,15477861.9998968,-3558942.94977566,325.5,2015-12-08T16:04:04,,,10233,SA 
667724.359314717235975,-3329894.842330960091203,10692119,NOAA 19,2009-005A,NOAA,AVHRR,35211,2015-12-08T15:57:09,2015-12-08T16:11:00,,GA AVHRR,1.0.0,,-30.43,139.03,15476748.8049888,-3558942.94977566,325.5,2015-12-08T16:04:04,,,10233,SA 
674428.546544722281396,-3329143.546819944866002,10692118,NOAA 19,2009-005A,NOAA,AVHRR,35211,2015-12-08T15:57:09,2015-12-08T16:11:00,,GA AVHRR,1.0.0,,-30.42,139.1,15484541.1693444,-3557651.97886008,303.1,2015-12-08T16:04:04,,,10233,SA 
673346.104233531514183,-3330980.282922028563917,10692154,SUOMI NPP,2011-061A,NASA/NOAA,VIIRS,21313,2015-12-08T15:16:46,2015-12-08T15:29:30,,VIIRS (AER),6,,-30.4369,139.0897,15483391.9069214,-3559832.50574643,,2015-12-08T15:23:08,,100,10234,SA 
671017.571798408171162,-3332299.056294191163033,10692158,SUOMI NPP,2011-061A,NASA/NOAA,VIIRS,21313,2015-12-08T15:16:46,2015-12-08T15:29:30,,VIIRS (AER),6,,-30.4498,139.066,15480752.2991557,-3561504.24054365,,2015-12-08T15:23:08,,100,10234,SA 
670100.860957828932442,-3332012.63431176636368,10692157,SUOMI NPP,2011-061A,NASA/NOAA,VIIRS,21313,2015-12-08T15:16:46,2015-12-08T15:29:30,,VIIRS (AER),6,,-30.4477,139.0562,15479670.2737052,-3561233.974403,,2015-12-08T15:23:08,,84,10234,SA 
672148.878714438993484,-3331632.179355937987566,10692156,SUOMI NPP,2011-061A,NASA/NOAA,VIIRS,21313,2015-12-08T15:16:46,2015-12-08T15:29:30,,VIIRS (AER),6,,-30.4433,139.0775,15482034.6996897,-3560657.43463956,,2015-12-08T15:23:08,,100,10234,SA 
671241.625425176578574,-3331346.195915847551078,10692155,SUOMI NPP,2011-061A,NASA/NOAA,VIIRS,21313,2015-12-08T15:16:46,2015-12-08T15:29:30,,VIIRS (AER),6,,-30.4412,139.0678,15480957.7949357,-3560390.02728812,,2015-12-08T15:23:08,,91,10234,SA 
672438.823952970211394,-3330694.208594294264913,10692153,SUOMI NPP,2011-061A,NASA/NOAA,VIIRS,21313,2015-12-08T15:16:46,2015-12-08T15:29:30,,VIIRS (AER),6,,-30.4348,139.08,15482320.122864,-3559563.05015483,,2015-12-08T15:23:08,,100,10234,SA 
672850.313963361782953,-3331682.322236862033606,10692152,SUOMI NPP,2011-061A,NASA/NOAA,VIIRS,21313,2015-12-08T15:16:46,2015-12-08T15:29:30,,VIIRS (AER),6,,-30.4434,139.0849,15482863.5846181,-3560670.21765377,,2015-12-08T15:23:08,,100,10234,SA 
671951.945200539776124,-3331408.001996017061174,10692151,SUOMI NPP,2011-061A,NASA/NOAA,VIIRS,21313,2015-12-08T15:16:46,2015-12-08T15:29:30,,VIIRS (AER),6,,-30.4414,139.0753,15481791.8005607,-3560410.68627263,,2015-12-08T15:23:08,,100,10234,SA 
674029.222928613889962,-3331018.250296711456031,10692150,SUOMI NPP,2011-061A,NASA/NOAA,VIIRS,21313,2015-12-08T15:16:46,2015-12-08T15:29:30,,VIIRS (AER),6,,-30.4369,139.0969,15484193.6298941,-3559827.34123431,,2015-12-08T15:23:08,,100,10234,SA 
673159.289225724176504,-3330745.422144372947514,10692149,SUOMI NPP,2011-061A,NASA/NOAA,VIIRS,21313,2015-12-08T15:16:46,2015-12-08T15:29:30,,VIIRS (AER),6,,-30.4349,139.0876,15483162.5887704,-3559578.54337232,,2015-12-08T15:23:08,,100,10234,SA 
672251.366703016217798,-3330470.551188335753977,10692148,SUOMI NPP,2011-061A,NASA/NOAA,VIIRS,21313,2015-12-08T15:16:46,2015-12-08T15:29:30,,VIIRS (AER),6,,-30.4329,139.0779,15482082.2331122,-3559317.09788073,,2015-12-08T15:23:08,,100,10234,SA 
675133.603099302737974,-3330327.681818838231266,10692147,SUOMI NPP,2011-061A,NASA/NOAA,VIIRS,21313,2015-12-08T15:16:46,2015-12-08T15:29:30,,VIIRS (AER),6,,-30.4302,139.1081,15485447.1986799,-3558970.57799956,,2015-12-08T15:23:08,,75,10234,SA 
674263.016408758820035,-3330065.962865533307195,10692146,SUOMI NPP,2011-061A,NASA/NOAA,VIIRS,21313,2015-12-08T15:16:46,2015-12-08T15:29:30,,VIIRS (AER),6,,-30.4283,139.0988,15484411.0368596,-3558718.95683375,,2015-12-08T15:23:08,,100,10234,SA 
674157.660926261101849,-3332473.315744582563639,10691995,TERRA,1999-068A,NASA,MODIS,84960,2015-12-08T13:27:18,2015-12-08T13:40:27,,MOD14,5.0.1,,-30.4498,139.0991,15484439.9799272,-3561498.55882593,310.7,2015-12-08T13:35:30,11.1,72,10236,SA 
672459.474938451545313,-3331694.304060971364379,10692003,TERRA,1999-068A,NASA,MODIS,84960,2015-12-08T13:27:18,2015-12-08T13:40:27,,MOD14,5.0.1,,-30.4437,139.0808,15482406.7294279,-3560711.14921082,405.8,2015-12-08T13:30:40,292.2,100,10236,SA 
675341.721867965185083,-3330350.499309701379389,10692007,TERRA,1999-068A,NASA,MODIS,84960,2015-12-08T13:27:18,2015-12-08T13:40:27,,MOD14,5.0.1,,-30.4303,139.1103,15485691.7676012,-3558979.7443863,468.8,2015-12-08T13:30:40,983.5,100,10236,SA 
671463.503689156612381,-3331807.448174520395696,10692004,TERRA,1999-068A,NASA,MODIS,84960,2015-12-08T13:27:18,2015-12-08T13:40:27,,MOD14,5.0.1,,-30.4452,139.0704,15481246.5576948,-3560900.83062443,382.7,2015-12-08T13:30:40,172.3,100,10236,SA 
670175.308418919332325,-3332903.440907262731344,10691998,TERRA,1999-068A,NASA,MODIS,84960,2015-12-08T13:27:18,2015-12-08T13:40:27,,MOD14,5.0.1,,-30.4556,139.0575,15479806.1948035,-3562252.44187305,344.2,2015-12-08T13:30:10,59.4,100,10236,SA 
675236.514827563310973,-3329334.440798510797322,10692013,TERRA,1999-068A,NASA,MODIS,84960,2015-12-08T13:27:18,2015-12-08T13:40:27,,MOD14,5.0.1,,-30.4213,139.1086,15485496.5132143,-3557818.63576689,434.1,2015-12-08T13:29:50,519,100,10236,SA 
673244.759022168698721,-3329549.170837423764169,10692015,TERRA,1999-068A,NASA,MODIS,84960,2015-12-08T13:27:18,2015-12-08T13:40:27,,MOD14,5.0.1,,-30.4242,139.0878,15483181.2904448,-3558195.84877621,343.7,2015-12-08T13:29:00,56.3,100,10236,SA 
670468.174323232611641,-3331909.484168686438352,10692005,TERRA,1999-068A,NASA,MODIS,84960,2015-12-08T13:27:18,2015-12-08T13:40:27,,MOD14,5.0.1,,-30.4466,139.06,15480088.1670736,-3561090.12751925,340.5,2015-12-08T13:28:10,51.7,100,10236,SA 
674345.602356861578301,-3330463.408488277811557,10692008,TERRA,1999-068A,NASA,MODIS,84960,2015-12-08T13:27:18,2015-12-08T13:40:27,,MOD14,5.0.1,,-30.4318,139.0999,15484533.37698,-3559169.0123981,467.6,2015-12-08T13:27:40,963.9,100,10236,SA 
673350.127300595166162,-3330565.20958410250023,10692009,TERRA,1999-068A,NASA,MODIS,84960,2015-12-08T13:27:18,2015-12-08T13:40:27,,MOD14,5.0.1,,-30.4332,139.0895,15483376.6561512,-3559357.89593084,431.5,2015-12-08T13:27:40,494,100,10236,SA 
675456.389871766092256,-3331367.079776898026466,10692000,TERRA,1999-068A,NASA,MODIS,84960,2015-12-08T13:27:18,2015-12-08T13:40:27,,MOD14,5.0.1,,-30.4393,139.1121,15485885.4635152,-3560142.50946639,322,2015-12-08T13:27:30,22.8,100,10236,SA 
672354.052623870316893,-3330678.282008476089686,10692010,TERRA,1999-068A,NASA,MODIS,84960,2015-12-08T13:27:18,2015-12-08T13:40:27,,MOD14,5.0.1,,-30.4347,139.0791,15482214.8146258,-3559548.07339605,400.9,2015-12-08T13:27:30,262.3,100,10236,SA 
674240.314769177697599,-3329447.359901015181094,10692014,TERRA,1999-068A,NASA,MODIS,84960,2015-12-08T13:27:18,2015-12-08T13:40:27,,MOD14,5.0.1,,-30.4228,139.0982,15484338.0112737,-3558007.49904769,406.9,2015-12-08T13:27:20,297.6,100,10236,SA 
673464.956373817403801,-3331581.768723661545664,10692002,TERRA,1999-068A,NASA,MODIS,84960,2015-12-08T13:27:18,2015-12-08T13:40:27,,MOD14,5.0.1,,-30.4422,139.0913,15483568.5709533,-3560521.34153553,358.2,2015-12-08T13:27:20,89.9,100,10236,SA 
674460.350819306448102,-3331479.978249578736722,10692001,TERRA,1999-068A,NASA,MODIS,84960,2015-12-08T13:27:18,2015-12-08T13:40:27,,MOD14,5.0.1,,-30.4408,139.1017,15484725.2917821,-3560332.44054777,337.2,2015-12-08T13:27:20,44.5,100,10236,SA 
669169.980129238218069,-3333016.247216525953263,10691999,TERRA,1999-068A,NASA,MODIS,84960,2015-12-08T13:27:18,2015-12-08T13:40:27,,MOD14,5.0.1,,-30.4571,139.047,15478644.3532781,-3562440.85512213,309,2015-12-08T13:27:20,10.5,47,10236,SA 
672248.603799909586087,-3329662.25319993449375,10692016,TERRA,1999-068A,NASA,MODIS,84960,2015-12-08T13:27:18,2015-12-08T13:40:27,,MOD14,5.0.1,,-30.4257,139.0774,15482022.7885041,-3558385.23410527,311.6,2015-12-08T13:27:20,10.9,76,10236,SA 
671170.55374262155965,-3332801.38205996574834,10691997,TERRA,1999-068A,NASA,MODIS,84960,2015-12-08T13:27:18,2015-12-08T13:40:27,,MOD14,5.0.1,,-30.4542,139.0679,15480968.0363289,-3562063.77317364,370.2,2015-12-08T13:27:20,126.3,100,10236,SA 
673161.72909133171197,-3332586.319438509643078,10691996,TERRA,1999-068A,NASA,MODIS,84960,2015-12-08T13:27:18,2015-12-08T13:40:27,,MOD14,5.0.1,,-30.4513,139.0887,15483283.1477789,-3561686.96078794,320.5,2015-12-08T13:27:20,21.4,100,10236,SA 
676337.864242068375461,-3330237.671777091920376,10692006,TERRA,1999-068A,NASA,MODIS,84960,2015-12-08T13:27:18,2015-12-08T13:40:27,,MOD14,5.0.1,,-30.4288,139.1207,15486850.2695419,-3558790.60832126,323.5,2015-12-08T13:27:20,24.2,100,10236,SA 
671358.000830183620565,-3330791.436069608200341,10692011,TERRA,1999-068A,NASA,MODIS,84960,2015-12-08T13:27:18,2015-12-08T13:40:27,,MOD14,5.0.1,,-30.4362,139.0687,15481052.9731004,-3559738.64106934,314.2,2015-12-08T13:27:20,14.3,80,10236,SA 
676232.737749822204933,-3329221.603349099867046,10692012,TERRA,1999-068A,NASA,MODIS,84960,2015-12-08T13:27:18,2015-12-08T13:40:27,,MOD14,5.0.1,,-30.4198,139.119,15486653.2340432,-3557629.64622755,323,2015-12-08T13:27:20,23.4,100,10236,SA 
669548.243836102425121,-3334608.469128083903342,10690819,AQUA,2002-022A,NASA,MODIS,72315,2015-12-08T04:02:10,2015-12-08T04:14:02,,MOD14,5.0.1,,-30.4711,139.0519,15479191.2659363,-3564254.88055613,364,2015-12-08T04:11:20,88.7,87,10245,SA 
669529.308780561899766,-3336156.287731958087534,10690818,AQUA,2002-022A,NASA,MODIS,72315,2015-12-08T04:02:10,2015-12-08T04:14:02,,MOD14,5.0.1,,-30.4849,139.0526,15479262.6217299,-3566026.53937205,349.6,2015-12-08T04:08:10,48.9,72,10245,SA 
669669.487195148016326,-3338610.758688499685377,10691795,SUOMI NPP,2011-061A,NASA/NOAA,VIIRS,21306,2015-12-08T04:01:03,2015-12-08T04:13:49,,VIIRS (AER),6,,-30.5067,139.0555,15479592.1274227,-3568851.16973593,,2015-12-08T04:07:26,,78,10245,SA 
669675.271582617773674,-3337645.862249229568988,10691796,SUOMI NPP,2011-061A,NASA/NOAA,VIIRS,21306,2015-12-08T04:01:03,2015-12-08T04:13:49,,VIIRS (AER),6,,-30.4981,139.055,15479532.6828146,-3567743.66947862,,2015-12-08T04:07:26,,56,10245,SA 
668796.697355061303824,-3337709.562053254805505,10691797,SUOMI NPP,2011-061A,NASA/NOAA,VIIRS,21306,2015-12-08T04:01:03,2015-12-08T04:13:49,,VIIRS (AER),6,,-30.4991,139.0458,15478503.3114832,-3567864.20811178,,2015-12-08T04:07:26,,100,10245,SA 
670530.016148587106727,-3336638.126125846989453,10691798,SUOMI NPP,2011-061A,NASA/NOAA,VIIRS,21306,2015-12-08T04:01:03,2015-12-08T04:13:49,,VIIRS (AER),6,,-30.4887,139.0634,15480463.5363966,-3566521.03639249,,2015-12-08T04:07:26,,97,10245,SA 
669651.980408066534437,-3336690.575479827821255,10691799,SUOMI NPP,2011-061A,NASA/NOAA,VIIRS,21306,2015-12-08T04:01:03,2015-12-08T04:13:49,,VIIRS (AER),6,,-30.4896,139.0542,15479447.7460431,-3566638.59209858,,2015-12-08T04:07:26,,100,10245,SA 
668783.438966495217755,-3336743.611870109569281,10691800,SUOMI NPP,2011-061A,NASA/NOAA,VIIRS,21306,2015-12-08T04:01:03,2015-12-08T04:13:49,,VIIRS (AER),6,,-30.4905,139.0451,15478433.625482,-3566754.85706503,,2015-12-08T04:07:26,,100,10245,SA 
670507.400817062822171,-3335671.640564914792776,10691801,SUOMI NPP,2011-061A,NASA/NOAA,VIIRS,21306,2015-12-08T04:01:03,2015-12-08T04:13:49,,VIIRS (AER),6,,-30.4801,139.0626,15480376.9298328,-3565415.93731147,,2015-12-08T04:07:26,,100,10245,SA 
669648.264190136222169,-3335725.140618517994881,10691802,SUOMI NPP,2011-061A,NASA/NOAA,VIIRS,21306,2015-12-08T04:01:03,2015-12-08T04:13:49,,VIIRS (AER),6,,-30.481,139.0536,15479373.0506648,-3565532.57848563,,2015-12-08T04:07:26,,100,10245,SA 
669845.163019942468964,-3335432.98557457793504,10691803,SUOMI NPP,2011-061A,NASA/NOAA,VIIRS,21306,2015-12-08T04:01:03,2015-12-08T04:13:49,,VIIRS (AER),6,,-30.4783,139.0555,15479581.8860295,-3565179.17068053,,2015-12-08T04:07:26,,100,10245,SA 
673963.560435112100095,-3333225.759845508262515,10691804,SUOMI NPP,2011-061A,NASA/NOAA,VIIRS,21306,2015-12-08T04:01:03,2015-12-08T04:13:49,,VIIRS (AER),6,,-30.4566,139.0975,15484266.6554801,-3562380.03052293,,2015-12-08T04:07:26,,87,10245,SA 
672349.243411820498295,-3333338.123344712425023,10691805,SUOMI NPP,2011-061A,NASA/NOAA,VIIRS,21306,2015-12-08T04:01:03,2015-12-08T04:13:49,,VIIRS (AER),6,,-30.4584,139.0806,15482384.5768492,-3562608.09200068,,2015-12-08T04:07:26,,87,10245,SA 
671508.899875567411073,-3333392.545903491321951,10691806,SUOMI NPP,2011-061A,NASA/NOAA,VIIRS,21306,2015-12-08T04:01:03,2015-12-08T04:13:49,,VIIRS (AER),6,,-30.4593,139.0718,15481399.3993557,-3562728.06484498,,2015-12-08T04:07:26,,96,10245,SA 
670639.490273990435526,-3333456.641411838121712,10691807,SUOMI NPP,2011-061A,NASA/NOAA,VIIRS,21306,2015-12-08T04:01:03,2015-12-08T04:13:49,,VIIRS (AER),6,,-30.4603,139.0627,15480392.180603,-3562850.23427752,,2015-12-08T04:07:26,,98,10245,SA 
669780.197436582995579,-3333510.133816246408969,10691808,SUOMI NPP,2011-061A,NASA/NOAA,VIIRS,21306,2015-12-08T04:01:03,2015-12-08T04:13:49,,VIIRS (AER),6,,-30.4612,139.0537,15479383.1807384,-3562972.92147654,,2015-12-08T04:07:26,,100,10245,SA 
667505.159440626390278,-3338536.195951268076897,10690816,AQUA,2002-022A,NASA,MODIS,72315,2015-12-08T04:02:10,2015-12-08T04:14:02,,MOD14,5.0.1,,-30.5071,139.0327,15477044.2469174,-3568899.75107679,330.9,2015-12-08T04:03:50,15.3,63,10245,SA 
669482.528584814746864,-3337691.326550800353289,10690817,AQUA,2002-022A,NASA,MODIS,72315,2015-12-08T04:02:10,2015-12-08T04:14:02,,MOD14,5.0.1,,-30.4986,139.053,15479311.8249448,-3567800.90257615,331.9,2015-12-08T04:02:10,17,48,10245,SA 
669903.919144037179649,-3335918.851091688498855,10690032,AQUA,2002-022A,NASA,MODIS,72308,2015-12-07T15:54:07,2015-12-07T16:06:45,,MOD14,5.0.1,,-30.4826,139.0564,15479688.9753797,-3565737.3167179,320.2,2015-12-07T15:55:40,22.2,100,10257,SA 
669687.026771598611958,-3336916.983676082920283,10690034,AQUA,2002-022A,NASA,MODIS,72308,2015-12-07T15:54:07,2015-12-07T16:06:45,,MOD14,5.0.1,,-30.4916,139.0547,15479502.0699546,-3566903.9361621,336.4,2015-12-07T15:54:10,45.1,100,10257,SA 
668710.043235164601356,-3336694.666553019545972,10690033,AQUA,2002-022A,NASA,MODIS,72308,2015-12-07T15:54:07,2015-12-07T16:06:45,,MOD14,5.0.1,,-30.4901,139.0443,15478340.2284292,-3566710.54706767,319.5,2015-12-07T15:54:10,21.8,95,10257,SA 
670110.924666798557155,-3335616.035693290643394,10690048,SUOMI NPP,2011-061A,NASA/NOAA,VIIRS,21299,2015-12-07T15:32:50,2015-12-07T15:47:02,,VIIRS (AER),6,,-30.4798,139.0584,15479911.5030418,-3565378.99470673,,2015-12-07T15:39:56,,99,10257,SA 
668897.454647506703623,-3336918.258781208656728,10690050,SUOMI NPP,2011-061A,NASA/NOAA,VIIRS,21299,2015-12-07T15:32:50,2015-12-07T15:47:02,,VIIRS (AER),6,,-30.492,139.0464,15478574.6672768,-3566953.93102121,,2015-12-07T15:39:56,,100,10257,SA 
672519.646233087871224,-3333010.858416371513158,10690047,SUOMI NPP,2011-061A,NASA/NOAA,VIIRS,21299,2015-12-07T15:32:50,2015-12-07T15:47:02,,VIIRS (AER),6,,-30.4554,139.0822,15482556.231504,-3562226.61436858,,2015-12-07T15:39:56,,37,10257,SA 
669907.00474222493358,-3336379.190010837744921,10690049,SUOMI NPP,2011-061A,NASA/NOAA,VIIRS,21299,2015-12-07T15:32:50,2015-12-07T15:47:02,,VIIRS (AER),6,,-30.4867,139.0567,15479721.258032,-3566261.5134567,,2015-12-07T15:39:56,,100,10257,SA 
669823.922595575684682,-3336161.348047619685531,10689862,TERRA,1999-068A,NASA,MODIS,84945,2015-12-07T12:45:19,2015-12-07T12:56:28,,MOD14,5.0.1,,-30.4848,139.0557,15479607.3781929,-3566014.00926657,305.9,2015-12-07T12:47:30,10.8,38,10260,SA 
669196.736790191847831,-3335632.852445774711668,10689863,TERRA,1999-068A,NASA,MODIS,84945,2015-12-07T12:45:19,2015-12-07T12:56:28,,MOD14,5.0.1,,-30.4804,139.0488,15478836.2680802,-3565452.23417218,305.6,2015-12-07T12:45:20,10.3,31,10260,SA 
668750.144013695302419,-3335451.064904056489468,10688921,SUOMI NPP,2011-061A,NASA/NOAA,VIIRS,21285,2015-12-06T15:51:44,2015-12-06T16:05:57,,VIIRS (AER),6,,-30.479,139.044,15478302.9363998,-3565274.10930156,,2015-12-06T15:58:50,,96,10281,SA 
668070.439773980993778,-3334493.233370135072619,10688919,SUOMI NPP,2011-061A,NASA/NOAA,VIIRS,21285,2015-12-06T15:51:44,2015-12-06T16:05:57,,VIIRS (AER),6,,-30.4708,139.0363,15477455.2384774,-3564216.64978365,,2015-12-06T15:58:50,,100,10281,SA 
668897.090569672523998,-3334684.744417674839497,10688920,SUOMI NPP,2011-061A,NASA/NOAA,VIIRS,21285,2015-12-06T15:51:44,2015-12-06T16:05:57,,VIIRS (AER),6,,-30.4721,139.0451,15478433.625482,-3564374.09415027,,2015-12-06T15:58:50,,100,10281,SA 
667252.634806860121898,-3334313.490530248265713,10688918,SUOMI NPP,2011-061A,NASA/NOAA,VIIRS,21285,2015-12-06T15:51:44,2015-12-06T16:05:57,,VIIRS (AER),6,,-30.4696,139.0276,15476483.6419618,-3564061.01557482,,2015-12-06T15:58:50,,100,10281,SA 
668596.067426728084683,-3337036.304320330731571,10688686,TERRA,1999-068A,NASA,MODIS,84931,2015-12-06T13:39:20,2015-12-06T13:52:50,,MOD14,5.0.1,,-30.4932,139.0433,15478229.7994943,-3567103.27085429,314.4,2015-12-06T13:42:40,18.4,25,10283,SA 
668427.118008595425636,-3335960.748510818462819,10688687,TERRA,1999-068A,NASA,MODIS,84931,2015-12-06T13:39:20,2015-12-06T13:52:50,,MOD14,5.0.1,,-30.4837,139.0409,15477958.0686173,-3565871.78698591,314.7,2015-12-06T13:39:30,19.4,77,10283,SA 
667108.254906911752187,-3335035.074076050426811,10688690,TERRA,1999-068A,NASA,MODIS,84931,2015-12-06T13:39:20,2015-12-06T13:52:50,,MOD14,5.0.1,,-30.4761,139.0265,15476361.4131609,-3564891.77582263,314.9,2015-12-06T13:39:20,18.5,84,10283,SA 
668258.745977941318415,-3334873.996753443498164,10688689,TERRA,1999-068A,NASA,MODIS,84931,2015-12-06T13:39:20,2015-12-06T13:52:50,,MOD14,5.0.1,,-30.4741,139.0385,15477696.4678139,-3564638.74461837,380.2,2015-12-06T13:39:20,167.1,100,10283,SA 
669399.170221244567074,-3334723.693869108799845,10688688,TERRA,1999-068A,NASA,MODIS,84931,2015-12-06T13:39:20,2015-12-06T13:52:50,,MOD14,5.0.1,,-30.4722,139.0504,15479024.8432976,-3564386.75178133,337.9,2015-12-06T13:39:20,52.1,100,10283,SA 
667900.950366101111285,-3337222.431534267961979,10688570,SUOMI NPP,2011-061A,NASA/NOAA,VIIRS,21278,2015-12-06T04:38:54,2015-12-06T04:51:42,,VIIRS (AER),6,,-30.4952,139.0361,15477429.8576335,-3567369.39986865,,2015-12-06T04:45:18,,31,10292,SA 
665439.333542046835646,-3338400.091665280982852,10688569,SUOMI NPP,2011-061A,NASA/NOAA,VIIRS,21278,2015-12-06T04:38:54,2015-12-06T04:51:42,,VIIRS (AER),6,,-30.5069,139.0109,15474620.3763249,-3568876.75243989,,2015-12-06T04:45:18,,65,10292,SA 
667165.184392613708042,-3338147.09834993025288,10688568,SUOMI NPP,2011-061A,NASA/NOAA,VIIRS,21278,2015-12-06T04:38:54,2015-12-06T04:51:42,,VIIRS (AER),6,,-30.5038,139.0289,15476629.8044532,-3568472.86189123,,2015-12-06T04:45:18,,73,10292,SA 
668037.932309194351546,-3338015.621779854875058,10688567,SUOMI NPP,2011-061A,NASA/NOAA,VIIRS,21278,2015-12-06T04:38:54,2015-12-06T04:51:42,,VIIRS (AER),6,,-30.5022,139.038,15477635.3534135,-3568270.01708892,,2015-12-06T04:45:18,,78,10292,SA 
667527.187960429815575,-3334856.121236508246511,10688574,SUOMI NPP,2011-061A,NASA/NOAA,VIIRS,21278,2015-12-06T04:38:54,2015-12-06T04:51:42,,VIIRS (AER),6,,-30.4743,139.0308,15476833.6304408,-3564663.15628908,,2015-12-06T04:45:18,,100,10292,SA 
667645.268594921333715,-3335648.276191703043878,10688573,SUOMI NPP,2011-061A,NASA/NOAA,VIIRS,21278,2015-12-06T04:38:54,2015-12-06T04:51:42,,VIIRS (AER),6,,-30.4813,139.0325,15477023.8754506,-3565566.03390581,,2015-12-06T04:45:18,,100,10292,SA 
665311.673586585558951,-3337607.454781101550907,10688572,SUOMI NPP,2011-061A,NASA/NOAA,VIIRS,21278,2015-12-06T04:38:54,2015-12-06T04:51:42,,VIIRS (AER),6,,-30.4999,139.0091,15474423.2295067,-3567974.28298611,,2015-12-06T04:45:18,,90,10292,SA 
666183.816925167804584,-3337487.033540366683155,10688571,SUOMI NPP,2011-061A,NASA/NOAA,VIIRS,21278,2015-12-06T04:38:54,2015-12-06T04:51:42,,VIIRS (AER),6,,-30.4984,139.0182,15475432.2293712,-3567772.73817504,,2015-12-06T04:45:18,,96,10292,SA 
666113.088971851975657,-3336697.511278607882559,10688266,AQUA,2002-022A,NASA,MODIS,72286,2015-12-06T04:14:13,2015-12-06T04:26:50,,MOD14,5.0.1,,-30.4914,139.017,15475299.7591772,-3566872.41495778,345.2,2015-12-06T04:16:00,43.6,85,10293,SA 
667648.310109884478152,-3337837.01535184122622,10688262,AQUA,2002-022A,NASA,MODIS,72286,2015-12-06T04:14:13,2015-12-06T04:26:50,,MOD14,5.0.1,,-30.5008,139.0338,15477166.4757183,-3568082.5500589,366.4,2015-12-06T04:15:20,95.2,100,10293,SA 
664602.529528941377066,-3338051.127667827066034,10688264,AQUA,2002-022A,NASA,MODIS,72286,2015-12-06T04:14:13,2015-12-06T04:26:50,,MOD14,5.0.1,,-30.5042,139.0019,15473623.2876458,-3568530.74432068,348.5,2015-12-06T04:14:30,49.4,89,10293,SA 
668139.543361959164031,-3337897.768478470854461,10688259,AQUA,2002-022A,NASA,MODIS,72286,2015-12-06T04:14:13,2015-12-06T04:26:50,,MOD14,5.0.1,,-30.5011,139.039,15477745.7823484,-3568130.35323992,351.7,2015-12-06T04:14:20,55.6,96,10293,SA 
666602.410933323553763,-3338003.884574806317687,10688260,AQUA,2002-022A,NASA,MODIS,72286,2015-12-06T04:14:13,2015-12-06T04:26:50,,MOD14,5.0.1,,-30.5028,139.0229,15475955.4309779,-3568344.17780252,370.7,2015-12-06T04:14:10,109,100,10293,SA 
667595.525444551953115,-3335342.499713158700615,10688267,AQUA,2002-022A,NASA,MODIS,72286,2015-12-06T04:14:13,2015-12-06T04:26:50,,MOD14,5.0.1,,-30.4786,139.0318,15476952.519657,-3565221.15025449,351.3,2015-12-06T04:14:10,56.6,96,10293,SA 
667631.410585472709499,-3336590.286041946150362,10688265,AQUA,2002-022A,NASA,MODIS,72286,2015-12-06T04:14:13,2015-12-06T04:26:50,,MOD14,5.0.1,,-30.4897,139.0329,15477076.5295697,-3566649.18508434,348.4,2015-12-06T04:14:10,48.9,94,10293,SA 
666111.177768766530789,-3337943.193828543648124,10688263,AQUA,2002-022A,NASA,MODIS,72286,2015-12-06T04:14:13,2015-12-06T04:26:50,,MOD14,5.0.1,,-30.5025,139.0177,15475374.4545555,-3568309.42298851,367.2,2015-12-06T04:14:10,98.1,100,10293,SA 
665113.341188782011159,-3338101.608936252072453,10688261,AQUA,2002-022A,NASA,MODIS,72286,2015-12-06T04:14:13,2015-12-06T04:26:50,,MOD14,5.0.1,,-30.5044,139.0073,15474219.403519,-3568551.41668153,362.2,2015-12-06T04:14:10,84.1,100,10293,SA 
667416.177994581637904,-3335489.749147683847696,10687926,NOAA 19,2009-005A,NOAA,AVHRR,35169,2015-12-05T16:29:55,2015-12-05T16:45:33,,GA AVHRR,1.0.0,,-30.48,139.03,15476748.8049888,-3565399.79105478,322.6,2015-12-05T16:37:44,,,10304,SA 
667292.909046547953039,-3337727.646880555897951,10687929,NOAA 19,2009-005A,NOAA,AVHRR,35169,2015-12-05T16:29:55,2015-12-05T16:45:33,,GA AVHRR,1.0.0,,-30.5,139.03,15476748.8049888,-3567983.45593582,305.1,2015-12-05T16:37:44,,,10304,SA 
668302.87810762913432,-3336660.976552330888808,10687928,NOAA 19,2009-005A,NOAA,AVHRR,35169,2015-12-05T16:29:55,2015-12-05T16:45:33,,GA AVHRR,1.0.0,,-30.49,139.04,15477861.9998968,-3566691.55711661,331.7,2015-12-05T16:37:44,,,10304,SA 
667354.543262828490697,-3336608.702693218830973,10687927,NOAA 19,2009-005A,NOAA,AVHRR,35169,2015-12-05T16:29:55,2015-12-05T16:45:33,,GA AVHRR,1.0.0,,-30.49,139.03,15476748.8049888,-3566691.55711661,338.9,2015-12-05T16:37:44,,,10304,SA 
667151.587714224122465,-3336148.587252160534263,10687954,SUOMI NPP,2011-061A,NASA/NOAA,VIIRS,21271,2015-12-05T16:12:05,2015-12-05T16:26:17,,VIIRS (AER),6,,-30.486,139.0276,15476487.092866,-3566176.51407797,,2015-12-05T16:19:11,,100,10305,SA 
666218.849233293440193,-3335985.029080192092806,10687953,SUOMI NPP,2011-061A,NASA/NOAA,VIIRS,21271,2015-12-05T16:12:05,2015-12-05T16:26:17,,VIIRS (AER),6,,-30.485,139.0177,15475379.5752521,-3566048.24102757,,2015-12-05T16:19:11,,46,10305,SA 
666396.293320661294274,-3335007.12152770999819,10687952,SUOMI NPP,2011-061A,NASA/NOAA,VIIRS,21271,2015-12-05T16:12:05,2015-12-05T16:26:17,,VIIRS (AER),6,,-30.4762,139.019,15475518.835935,-3564906.50061301,,2015-12-05T16:19:11,,80,10305,SA 
666470.604681381373666,-3336077.43875444540754,10687794,AQUA,2002-022A,NASA,MODIS,72279,2015-12-05T16:06:14,2015-12-05T16:19:04,,MOD14,5.0.1,,-30.4857,139.0204,15475683.7001009,-3566139.05252815,314.5,2015-12-05T16:09:50,16.1,85,10305,SA 
667926.011931590386666,-3335214.806420712731779,10687793,AQUA,2002-022A,NASA,MODIS,72279,2015-12-05T16:06:14,2015-12-05T16:19:04,,MOD14,5.0.1,,-30.4773,139.0352,15477322.7682834,-3565045.7411499,307.4,2015-12-05T16:09:30,9.8,54,10305,SA 
667731.561298910644837,-3336326.441973892506212,10687795,AQUA,2002-022A,NASA,MODIS,72279,2015-12-05T16:06:14,2015-12-05T16:19:04,,MOD14,5.0.1,,-30.4873,139.0338,15477166.4757183,-3566348.83864488,337.7,2015-12-05T16:06:30,48.1,100,10305,SA 
666683.910069153062068,-3334966.825097679626197,10687792,AQUA,2002-022A,NASA,MODIS,72279,2015-12-05T16:06:14,2015-12-05T16:19:04,,MOD14,5.0.1,,-30.4757,139.022,15475858.583021,-3564840.23919205,313.8,2015-12-05T16:06:10,15.8,83,10305,SA 
666172.764138975413516,-3335612.121666064020246,10687693,TERRA,1999-068A,NASA,MODIS,84916,2015-12-05T12:57:05,2015-12-05T13:09:02,,MOD14,5.0.1,,-30.4817,139.017,15475301.4289695,-3565622.74040046,337.4,2015-12-05T13:03:00,46.8,100,10308,SA 
668575.10506533109583,-3335519.970534551888704,10687692,TERRA,1999-068A,NASA,MODIS,84916,2015-12-05T12:57:05,2015-12-05T13:09:02,,MOD14,5.0.1,,-30.4797,139.0422,15478107.5706935,-3565358.32756261,318.3,2015-12-05T12:57:10,19.3,96,10308,SA 
665590.277441144105978,-3336691.224870075937361,10687303,AQUA,2002-022A,NASA,MODIS,72272,2015-12-05T05:09:12,2015-12-05T05:22:23,,MOD14,5.0.1,,-30.4916,139.0115,15474689.9510066,-3566893.34296166,332.6,2015-12-05T05:11:00,16.8,78,10316,SA 
667372.317184212966822,-3335767.921231935732067,10687304,AQUA,2002-022A,NASA,MODIS,72272,2015-12-05T05:09:12,2015-12-05T05:22:23,,MOD14,5.0.1,,-30.4825,139.0297,15476718.0808094,-3565716.77815803,342.3,2015-12-05T05:09:20,34.3,91,10316,SA 
668225.71499189385213,-3336162.886275413446128,10687302,AQUA,2002-022A,NASA,MODIS,72272,2015-12-05T05:09:12,2015-12-05T05:22:23,,MOD14,5.0.1,,-30.4856,139.0389,15477744.0012365,-3566117.47989322,338.5,2015-12-05T05:09:10,28.2,89,10316,SA 
667503.338556223432533,-3336325.089717390947044,10687452,SUOMI NPP,2011-061A,NASA/NOAA,VIIRS,21264,2015-12-05T04:57:50,2015-12-05T05:10:36,,VIIRS (AER),6,,-30.4874,139.0314,15476904.9862344,-3566358.39794788,,2015-12-05T05:04:13,,100,10316,SA 
666845.627081485698,-3337905.037406793329865,10686313,SUOMI NPP,2011-061A,NASA/NOAA,VIIRS,21250,2015-12-04T05:16:46,2015-12-04T05:29:31,,VIIRS (AER),6,,-30.5018,139.0254,15476232.2825515,-3568218.85420366,,2015-12-04T05:23:08,,43,10340,SA 
667408.312300388235599,-3337531.983674846589565,10686312,SUOMI NPP,2011-061A,NASA/NOAA,VIIRS,21250,2015-12-04T05:16:46,2015-12-04T05:29:31,,VIIRS (AER),6,,-30.4982,139.0311,15476876.0431668,-3567744.96141925,,2015-12-04T05:23:08,,83,10340,SA 
666916.557857085717842,-3337998.728537890594453,10685806,AQUA,2002-022A,NASA,MODIS,72257,2015-12-04T04:26:25,2015-12-04T04:39:25,,MOD14,5.0.1,,-30.5026,139.0262,15476327.4607162,-3568317.17498331,345,2015-12-04T04:26:30,42.7,93,10341,SA 
667338.377434767200612,-3337247.546723925042897,10685807,AQUA,2002-022A,NASA,MODIS,72257,2015-12-04T04:26:25,2015-12-04T04:39:25,,MOD14,5.0.1,,-30.4957,139.0302,15476772.4047209,-3567431.28213141,341.2,2015-12-04T04:26:30,34.9,90,10341,SA 
666308.686497045564465,-3337291.881035882048309,10685345,TERRA,1999-068A,NASA,MODIS,84887,2015-12-03T13:09:08,2015-12-03T13:21:49,,MOD14,5.0.1,,-30.4966,139.0194,15475568.1504695,-3567548.58796676,307.2,2015-12-03T13:09:10,11.4,53,10356,SA 
667820.435891152592376,-3339372.871905679348856,10682682,AQUA,2002-022A,NASA,MODIS,72228,2015-12-02T04:38:26,2015-12-02T04:51:44,,MOD14,5.0.1,,-30.5144,139.0365,15477477.3910561,-3569846.99555837,323.3,2015-12-02T04:48:40,12.8,61,10388,SA 
666804.954301677877083,-3339507.721602415665984,10682683,AQUA,2002-022A,NASA,MODIS,72228,2015-12-02T04:38:26,2015-12-02T04:51:44,,MOD14,5.0.1,,-30.5161,139.0259,15476291.7271596,-3570058.52341764,327.3,2015-12-02T04:38:30,18.3,78,10388,SA 
667921.905437086126767,-3338222.467611784581095,10680383,SUOMI NPP,2011-061A,NASA/NOAA,VIIRS,21193,2015-11-30T04:51:26,2015-11-30T05:05:37,,VIIRS (AER),6,,-30.5041,139.0369,15477521.5848939,-3568514.46486045,,2015-11-30T04:58:31,,65,10436,SA 
668128.548048316617496,-3339131.728019544389099,10680382,SUOMI NPP,2011-061A,NASA/NOAA,VIIRS,21193,2015-11-30T04:51:26,2015-11-30T05:05:37,,VIIRS (AER),6,,-30.5121,139.0396,15477812.0174454,-3569548.76929482,,2015-11-30T04:58:31,,93,10436,SA 
667583.405631650821306,-3339359.805922007188201,10679914,AQUA,2002-022A,NASA,MODIS,72199,2015-11-30T04:50:30,2015-11-30T05:04:01,,MOD14,5.0.1,,-30.5144,139.034,15477195.4187859,-3569840.66399135,325.9,2015-11-30T04:57:20,18.4,79,10436,SA 
667993.279395523597486,-3338652.889513047412038,10679913,AQUA,2002-022A,NASA,MODIS,72199,2015-11-30T04:50:30,2015-11-30T05:04:01,,MOD14,5.0.1,,-30.5079,139.0379,15477630.2327169,-3569004.92515506,318.2,2015-11-30T04:51:00,8.7,35,10436,SA 
668233.113375531276688,-3339822.114568866789341,10679912,AQUA,2002-022A,NASA,MODIS,72199,2015-11-30T04:50:30,2015-11-30T05:04:01,,MOD14,5.0.1,,-30.5182,139.0411,15477988.6814773,-3570330.1423007,322.8,2015-11-30T04:50:30,14.3,76,10436,SA 
610559.937572104739957,-3331369.653489218559116,10669252,NOAA 19,2009-005A,NOAA,AVHRR,35002,2015-11-25T16:42:02,2015-11-25T16:57:59,,GA AVHRR,1.0.0,,-30.47,138.43,15409957.1105129,-3564108.15768372,305.1,2015-11-25T16:50:00,,,10544,SA 
611508.682674066745676,-3331417.481803470291197,10669253,NOAA 19,2009-005A,NOAA,AVHRR,35002,2015-11-25T16:42:02,2015-11-25T16:57:59,,GA AVHRR,1.0.0,,-30.47,138.44,15411070.3054208,-3564108.15768372,299,2015-11-25T16:50:00,,,10544,SA 
610329.607489051530138,-3332165.951106604654342,10669319,SUOMI NPP,2011-061A,NASA/NOAA,VIIRS,21130,2015-11-25T15:57:54,2015-11-25T16:13:31,,VIIRS (AER),6,,-30.4772,138.428,15409732.133822,-3565038.12033852,,2015-11-25T16:05:42,,43,10545,SA 
